"","YEAR","state_name","staterate_year","time_since_legalization","state_pop","time","timesq","time_leg_chunked"
"1",2001,"AK",0.108964709290974,NA,633714,0,0,NA
"2",2001,"AR",0.0930199277306715,NA,2691571,0,0,NA
"3",2001,"AZ",0.351832790986602,NA,5273477,0,0,NA
"4",2001,"CA",1.93254783049605,NA,34479458,0,0,NA
"5",2001,"CO",0.230138104112523,NA,4425687,0,0,NA
"6",2001,"CT",0.0620935741656708,NA,3432835,0,0,NA
"7",2001,"DC",0.0767895228712531,NA,574504,0,0,NA
"8",2001,"DE",0.0529257212704693,NA,795699,0,0,NA
"9",2001,"FL",1.37869952519107,NA,16356966,0,0,NA
"10",2001,"GA",0.912288486762681,NA,8377038,0,0,NA
"11",2001,"HI",0.0332771693344566,NA,1225948,0,0,NA
"12",2001,"IA",0.120887642478515,NA,2931997,0,0,NA
"13",2001,"ID",0.139352170047481,NA,1319962,0,0,NA
"14",2001,"IL",0.319083145830866,NA,12488445,0,0,NA
"15",2001,"IN",0.141345939360662,NA,612776,0,0,NA
"16",2001,"KS",0.0912657417559782,NA,2702162,0,0,NA
"17",2001,"KY",0.180383218843043,NA,4068132,0,0,NA
"18",2001,"MA",0.31369357498719,NA,6397634,0,0,NA
"19",2001,"MD",0.527768808179134,NA,5374691,0,0,NA
"20",2001,"ME",0.275862068965517,NA,1285692,0,0,NA
"21",2001,"MI",0.0450017559096348,NA,999112,0,0,NA
"22",2001,"MN",0.332588329792969,NA,4982796,0,0,NA
"23",2001,"MO",0.133506492395051,NA,5641142,0,0,NA
"24",2001,"MS",0.181361049453497,NA,2852994,0,0,NA
"25",2001,"MT",0.0354722319590117,NA,906961,0,0,NA
"26",2001,"NC",0.764301086466035,NA,8210122,0,0,NA
"27",2001,"ND",0.0489008844134202,NA,639062,0,0,NA
"28",2001,"NE",0.0562140766785271,NA,1719836,0,0,NA
"29",2001,"NH",0.0444320904982711,NA,1255517,0,0,NA
"30",2001,"NJ",0.344073912492183,NA,8492671,0,0,NA
"31",2001,"NM",0.211168069531464,NA,183169,0,0,NA
"32",2001,"NV",0.0953885028427037,NA,2098399,0,0,NA
"33",2001,"NY",0.664154583275114,NA,19082838,0,0,NA
"34",2001,"OH",0.379973614146977,NA,11387404,0,0,NA
"35",2001,"OK",0.0653462508115583,NA,34671,0,0,NA
"36",2001,"OR",0.408782126558946,NA,3467937,0,0,NA
"37",2001,"PA",0.285173567002826,NA,1229897,0,0,NA
"38",2001,"RI",0.0151820581810207,NA,1057142,0,0,NA
"39",2001,"SD",0.0146876770389643,NA,757972,0,0,NA
"40",2001,"TN",0.158516892221229,NA,5750789,0,0,NA
"41",2001,"TX",1.06812173734726,NA,21319622,0,0,NA
"42",2001,"VA",0.396294356845937,NA,7198362,0,0,NA
"43",2001,"VT",0.0109157243107875,NA,612223,0,0,NA
"44",2001,"WA",0.229551847795744,NA,5985722,0,0,NA
"45",2001,"WI",0.082560352257503,NA,5406835,0,0,NA
"46",2001,"WV",0.00840022008576625,NA,1801481,0,0,NA
"47",2001,"AL",0,NA,4467634,0,0,NA
"48",2001,"LA",0,NA,4477875,0,0,NA
"49",2001,"SC",0,NA,4064995,0,0,NA
"50",2001,"UT",0,NA,2283715,0,0,NA
"51",2001,"WY",0,NA,494657,0,0,NA
"52",2002,"AK",0.00610439740441022,NA,642337,1,1,NA
"53",2002,"AR",0,NA,2705927,1,1,NA
"54",2002,"AZ",0.291378561437856,NA,5396255,1,1,NA
"55",2002,"CA",2.69811275044213,NA,34871843,1,1,NA
"56",2002,"CO",0.224251194224967,NA,4490406,1,1,NA
"57",2002,"CT",0.0381970185789477,NA,3458749,1,1,NA
"58",2002,"DC",0.11548644569987,NA,573158,1,1,NA
"59",2002,"DE",0.050756351168721,NA,806169,1,1,NA
"60",2002,"FL",0.646428922290991,NA,1668937,1,1,NA
"61",2002,"GA",0.405664132845525,NA,8508256,1,1,NA
"62",2002,"HI",0.0379099008024262,NA,1239613,1,1,NA
"63",2002,"IA",0.181545423448003,NA,2934234,1,1,NA
"64",2002,"ID",0.0359986576771714,NA,1340372,1,1,NA
"65",2002,"IL",0.320403471037603,NA,12525556,1,1,NA
"66",2002,"IN",0.743953564034922,NA,6155967,1,1,NA
"67",2002,"KS",0.052280107010844,NA,2713535,1,1,NA
"68",2002,"KY",0.196305972541987,NA,4089875,1,1,NA
"69",2002,"MA",0.19780356920005,NA,6417206,1,1,NA
"70",2002,"MD",0.357420260599037,NA,5440389,1,1,NA
"71",2002,"ME",0.517615350861687,NA,129596,1,1,NA
"72",2002,"MI",0.058573938883095,NA,1001571,1,1,NA
"73",2002,"MN",0.288086375810765,NA,5018935,1,1,NA
"74",2002,"MO",0.703891371090532,NA,5674825,1,1,NA
"75",2002,"MS",0.100871909011088,NA,2858681,1,1,NA
"76",2002,"MT",0,NA,911667,1,1,NA
"77",2002,"NC",0.281575416522812,NA,8326201,1,1,NA
"78",2002,"ND",0.013021522134553,NA,638168,1,1,NA
"79",2002,"NE",0.0632731829880863,NA,1728292,1,1,NA
"80",2002,"NH",0,NA,1269089,1,1,NA
"81",2002,"NJ",0.3311106861661,NA,8552643,1,1,NA
"82",2002,"NM",0.119103165442892,NA,1855309,1,1,NA
"83",2002,"NV",0.083124331124854,NA,2173791,1,1,NA
"84",2002,"NY",0.278102949831521,NA,191378,1,1,NA
"85",2002,"OH",0.480278663450666,NA,11407889,1,1,NA
"86",2002,"OK",0.151878938976189,NA,348908,1,1,NA
"87",2002,"OR",0.105256640455699,NA,3513424,1,1,NA
"88",2002,"PA",0.574751404737115,NA,12331031,1,1,NA
"89",2002,"RI",0.0859221976536317,NA,1065995,1,1,NA
"90",2002,"SD",0.0339730575344918,NA,76002,1,1,NA
"91",2002,"TN",0.197473007882361,NA,5795918,1,1,NA
"92",2002,"TX",1.24000476092578,NA,21690325,1,1,NA
"93",2002,"VA",0.0481521355156694,NA,7286873,1,1,NA
"94",2002,"VT",0,NA,615442,1,1,NA
"95",2002,"WA",0.779591476410474,NA,6052349,1,1,NA
"96",2002,"WI",0.0892983612211089,NA,5445162,1,1,NA
"97",2002,"WV",0.0187251433898208,NA,1805414,1,1,NA
"98",2002,"AL",0.149170431835063,NA,4480089,1,1,NA
"99",2002,"LA",0.105183700238829,NA,4497267,1,1,NA
"100",2002,"SC",0.102650051427471,NA,4107795,1,1,NA
"101",2002,"UT",0.0980929103349055,NA,2324815,1,1,NA
"102",2002,"WY",0.0109839593512141,NA,500017,1,1,NA
"103",2003,"AK",0.0204514152198346,NA,648414,2,4,NA
"104",2003,"AR",0,NA,2724816,2,4,NA
"105",2003,"AZ",0.284235290638901,NA,5510364,2,4,NA
"106",2003,"CA",2.67703693874362,NA,35253159,2,4,NA
"107",2003,"CO",0.120241440393022,NA,4528732,2,4,NA
"108",2003,"CT",0.0691169892126163,NA,3484336,2,4,NA
"109",2003,"DC",0.13345884169378,NA,568502,2,4,NA
"110",2003,"DE",0.0449579969036992,NA,818003,2,4,NA
"111",2003,"FL",0.601506941278534,NA,17004085,2,4,NA
"112",2003,"GA",0.60930690868121,NA,8622793,2,4,NA
"113",2003,"HI",0.0310832230575712,NA,1251154,2,4,NA
"114",2003,"IA",0.0819530002281542,NA,2941999,2,4,NA
"115",2003,"ID",0.0992081517848382,NA,136338,2,4,NA
"116",2003,"IL",0.328338358534908,NA,12556006,2,4,NA
"117",2003,"IN",0.0505605789278216,NA,6196638,2,4,NA
"118",2003,"KS",0.0390258847386907,NA,2723004,2,4,NA
"119",2003,"KY",0.0937088765367249,NA,411717,2,4,NA
"120",2003,"MA",0.0329931455813281,0,6422565,2,4,NA
"121",2003,"MD",0.277447776989071,NA,5496269,2,4,NA
"122",2003,"ME",0.0435656650871036,NA,1306513,2,4,NA
"123",2003,"MI",0.0451295435391349,NA,10041152,2,4,NA
"124",2003,"MN",0.0814849013811967,NA,5053572,2,4,NA
"125",2003,"MO",0.196319877894566,NA,5709403,2,4,NA
"126",2003,"MS",0.127068735447626,NA,2868312,2,4,NA
"127",2003,"MT",0,NA,91963,2,4,NA
"128",2003,"NC",0.165682351139574,NA,8422501,2,4,NA
"129",2003,"ND",0,NA,638817,2,4,NA
"130",2003,"NE",0.1616742836047,NA,1738643,2,4,NA
"131",2003,"NH",0.0159727301933608,NA,127984,2,4,NA
"132",2003,"NJ",0.0930985781477674,NA,8601402,2,4,NA
"133",2003,"NM",0.181745596269567,NA,1877574,2,4,NA
"134",2003,"NV",0.224243337612417,NA,224885,2,4,NA
"135",2003,"NY",0.212528007945849,NA,19175939,2,4,NA
"136",2003,"OH",0.287149768529726,NA,11434788,2,4,NA
"137",2003,"OK",0.203313814964406,NA,3504892,2,4,NA
"138",2003,"OR",0.16366132186299,NA,3547376,2,4,NA
"139",2003,"PA",0.393790576393851,NA,12374658,2,4,NA
"140",2003,"RI",0,NA,1071342,2,4,NA
"141",2003,"SD",0.0126725962347906,NA,763729,2,4,NA
"142",2003,"TN",0.0992209319417904,NA,5847812,2,4,NA
"143",2003,"TX",0.951056826223869,NA,22030931,2,4,NA
"144",2003,"VA",0.553670496637438,NA,7366977,2,4,NA
"145",2003,"VT",0.0234207344306583,NA,617858,2,4,NA
"146",2003,"WA",0.292942792510628,NA,6104115,2,4,NA
"147",2003,"WI",0.0776192847309686,NA,5479203,2,4,NA
"148",2003,"WV",0.0197636700228642,NA,1812295,2,4,NA
"149",2003,"AL",0.0812865880774811,NA,4503491,2,4,NA
"150",2003,"LA",0.226377970753722,NA,4521042,2,4,NA
"151",2003,"SC",0.371322216372051,NA,4150297,2,4,NA
"152",2003,"UT",0.0997834680501362,NA,2360137,2,4,NA
"153",2003,"WY",0.016834072162056,NA,503453,2,4,NA
"154",2004,"AK",0.0403494859370688,NA,659286,3,9,NA
"155",2004,"AR",0.0911886555011613,NA,2749686,3,9,NA
"156",2004,"AZ",0.210078054403279,NA,5652404,3,9,NA
"157",2004,"CA",1.58719652112518,NA,35574576,3,9,NA
"158",2004,"CO",0.476258513120922,NA,4575013,3,9,NA
"159",2004,"CT",0,NA,3496094,3,9,NA
"160",2004,"DC",0.113921565878213,NA,567754,3,9,NA
"161",2004,"DE",0.0821676885180271,NA,830803,3,9,NA
"162",2004,"FL",0.671336124000173,NA,17415318,3,9,NA
"163",2004,"GA",0.365945190819408,NA,8769252,3,9,NA
"164",2004,"HI",0.10030510926966,NA,1273569,3,9,NA
"165",2004,"IA",0.032030637392181,NA,2953635,3,9,NA
"166",2004,"ID",0,NA,1391802,3,9,NA
"167",2004,"IL",0.676208270687667,NA,12589773,3,9,NA
"168",2004,"IN",0.0619114860885423,NA,6233007,3,9,NA
"169",2004,"KS",0.0923919522577297,NA,2734373,3,9,NA
"170",2004,"KY",0.133777150441359,NA,4146101,3,9,NA
"171",2004,"MA",0.0629209169390574,1,6412281,3,9,2
"172",2004,"MD",0.155273158174315,NA,5546935,3,9,NA
"173",2004,"ME",0.244264658589552,NA,1313688,3,9,NA
"174",2004,"MI",0.0703285447954246,NA,10055315,3,9,NA
"175",2004,"MN",0.120216956248099,NA,5087713,3,9,NA
"176",2004,"MO",0.0503935114375589,NA,5747741,3,9,NA
"177",2004,"MS",0,NA,288901,3,9,NA
"178",2004,"MT",0,NA,930009,3,9,NA
"179",2004,"NC",0.0513252464774249,NA,8553152,3,9,NA
"180",2004,"ND",0.0491666942720801,NA,644705,3,9,NA
"181",2004,"NE",0.0601570027822614,NA,174937,3,9,NA
"182",2004,"NH",0.0513664524650656,NA,1290121,3,9,NA
"183",2004,"NJ",0.538333558163587,NA,8634561,3,9,NA
"184",2004,"NM",0.190331976823664,NA,1903808,3,9,NA
"185",2004,"NV",0.139509663018357,NA,2346222,3,9,NA
"186",2004,"NY",0.409136759146658,NA,19171567,3,9,NA
"187",2004,"OH",0.288803464201154,NA,11452251,3,9,NA
"188",2004,"OK",0.163066422741345,NA,3525233,3,9,NA
"189",2004,"OR",0.459944835165619,NA,3569463,3,9,NA
"190",2004,"PA",0.358446995738907,NA,12410722,3,9,NA
"191",2004,"RI",0.0973692813028255,NA,1074579,3,9,NA
"192",2004,"SD",0,NA,770396,3,9,NA
"193",2004,"TN",0,NA,5910809,3,9,NA
"194",2004,"TX",1.19489940116667,NA,22394023,3,9,NA
"195",2004,"VA",0.413782353316281,NA,7475575,3,9,NA
"196",2004,"VT",0.0601730891991921,NA,61992,3,9,NA
"197",2004,"WA",0.41393428590479,NA,6178645,3,9,NA
"198",2004,"WI",0.12338172599301,NA,5514026,3,9,NA
"199",2004,"WV",0,NA,1816438,3,9,NA
"200",2004,"AL",0.319275227593847,NA,4530729,3,9,NA
"201",2004,"LA",0.14161633084961,NA,4552238,3,9,NA
"202",2004,"SC",0.140373248416618,NA,4210921,3,9,NA
"203",2004,"UT",0.249952847400085,NA,240158,3,9,NA
"204",2004,"WY",0.0301600750340826,NA,509106,3,9,NA
"205",2005,"AK",0,NA,666946,4,16,NA
"206",2005,"AR",0.144598358816815,NA,2781097,4,16,NA
"207",2005,"AZ",0.438904932194176,NA,5839077,4,16,NA
"208",2005,"CA",2.77013737212289,NA,35827943,4,16,NA
"209",2005,"CO",0.179860289168929,NA,4631888,4,16,NA
"210",2005,"CT",0.220571774713915,NA,3506956,4,16,NA
"211",2005,"DC",0.0843236587626199,NA,567136,4,16,NA
"212",2005,"DE",0.0407433543514717,NA,84515,4,16,NA
"213",2005,"FL",1.4356841951715,NA,17842038,4,16,NA
"214",2005,"GA",0.619631133247781,NA,8925922,4,16,NA
"215",2005,"HI",0.0893786468366985,NA,1292729,4,16,NA
"216",2005,"IA",0.0842320272169607,NA,2964454,4,16,NA
"217",2005,"ID",0,NA,1428241,4,16,NA
"218",2005,"IL",0.410556585259485,NA,12609903,4,16,NA
"219",2005,"IN",0.37328598270325,NA,6278616,4,16,NA
"220",2005,"KS",0.0945525928349419,NA,2745299,4,16,NA
"221",2005,"KY",0.0737762971512513,NA,4182742,4,16,NA
"222",2005,"MA",0.509347251133838,2,640329,4,16,2
"223",2005,"MD",0.287792683169433,NA,5592379,4,16,NA
"224",2005,"ME",0.250469734768361,NA,1318787,4,16,NA
"225",2005,"MI",0.106332857834605,NA,10051137,4,16,NA
"226",2005,"MN",0.250086050220072,NA,5119598,4,16,NA
"227",2005,"MO",0.507960086008385,NA,57903,4,16,NA
"228",2005,"MS",0.0420568929938453,NA,2905943,4,16,NA
"229",2005,"MT",0,NA,940102,4,16,NA
"230",2005,"NC",0.41985897942741,NA,8705407,4,16,NA
"231",2005,"ND",0,NA,646089,4,16,NA
"232",2005,"NE",0.0465441385414863,NA,1761497,4,16,NA
"233",2005,"NH",0.0148674833435173,NA,1298492,4,16,NA
"234",2005,"NJ",0.199235565475442,NA,8651974,4,16,NA
"235",2005,"NM",0.0921063394683027,NA,1932274,4,16,NA
"236",2005,"NV",0.151950052969657,NA,2432143,4,16,NA
"237",2005,"NY",0.659169135415774,NA,1913261,4,16,NA
"238",2005,"OH",0.357476698818684,NA,1146332,4,16,NA
"239",2005,"OK",0.0505770530764434,NA,3548597,4,16,NA
"240",2005,"OR",0.237221310326056,NA,3613202,4,16,NA
"241",2005,"PA",0.348589383945344,NA,1244999,4,16,NA
"242",2005,"RI",0,NA,1067916,4,16,NA
"243",2005,"SD",0.00488347221385702,NA,775493,4,16,NA
"244",2005,"TN",0.154381376487469,NA,5991057,4,16,NA
"245",2005,"TX",0.905231254336947,NA,22778123,4,16,NA
"246",2005,"VA",0.554671805242619,NA,7577105,4,16,NA
"247",2005,"VT",0.0446886554423117,NA,621215,4,16,NA
"248",2005,"WA",0.316816223135124,NA,6257305,4,16,NA
"249",2005,"WI",0.287131816892507,NA,5546166,4,16,NA
"250",2005,"WV",0,NA,1820492,4,16,NA
"251",2005,"AL",0.126477415333131,NA,4569805,4,16,NA
"252",2005,"LA",0.0935627206726011,NA,4576628,4,16,NA
"253",2005,"SC",0.0610709641310968,NA,427015,4,16,NA
"254",2005,"UT",0.0277822719688316,NA,2457719,4,16,NA
"255",2005,"WY",0.0283353472057114,NA,514157,4,16,NA
"256",2006,"AK",0,NA,675302,5,25,NA
"257",2006,"AR",0.0300001578955679,NA,2821761,5,25,NA
"258",2006,"AZ",0.381835406818215,NA,6029141,5,25,NA
"259",2006,"CA",2.36403072517564,NA,36021202,5,25,NA
"260",2006,"CO",0.128359060953811,NA,4720423,5,25,NA
"261",2006,"CT",0.218697264136989,NA,351746,5,25,NA
"262",2006,"DC",0.0650101469608943,NA,570681,5,25,NA
"263",2006,"DE",0.0298065413530277,NA,859268,5,25,NA
"264",2006,"FL",1.37270623579084,NA,1816699,5,25,NA
"265",2006,"GA",0.644254001504184,NA,9155813,5,25,NA
"266",2006,"HI",0.0370965552296671,NA,1309731,5,25,NA
"267",2006,"IA",0.0753844448315728,NA,2982644,5,25,NA
"268",2006,"ID",0.0265180812274083,NA,1468669,5,25,NA
"269",2006,"IL",0.597882574354166,NA,12643955,5,25,NA
"270",2006,"IN",0.488663017982799,NA,6332669,5,25,NA
"271",2006,"KS",0.0455945818438576,NA,2762931,5,25,NA
"272",2006,"KY",0.171119592875318,NA,4219239,5,25,NA
"273",2006,"MA",0.376956871079778,3,6410084,5,25,4
"274",2006,"MD",0.201872519583394,NA,5627367,5,25,NA
"275",2006,"ME",0.0765264436883481,NA,1323619,5,25,NA
"276",2006,"MI",0.0631845987936334,NA,10036081,5,25,NA
"277",2006,"MN",0.342804625380672,NA,5163555,5,25,NA
"278",2006,"MO",0.4207914810668,NA,5842704,5,25,NA
"279",2006,"MS",0.0351517673615052,NA,2904978,5,25,NA
"280",2006,"MT",0,NA,952692,5,25,NA
"281",2006,"NC",0.322455052576652,NA,891727,5,25,NA
"282",2006,"ND",0,NA,649422,5,25,NA
"283",2006,"NE",0.00378646245012519,NA,1772693,5,25,NA
"284",2006,"NH",0.0642552781685193,NA,1308389,5,25,NA
"285",2006,"NJ",0.452413980644127,NA,8661679,5,25,NA
"286",2006,"NM",0.122086412509746,NA,1962137,5,25,NA
"287",2006,"NV",0.197395332908418,NA,2522658,5,25,NA
"288",2006,"NY",0.712941041762786,NA,19104631,5,25,NA
"289",2006,"OH",0.295207996328615,NA,11481213,5,25,NA
"290",2006,"OK",0.174244201901307,NA,359409,5,25,NA
"291",2006,"OR",0.263183515040084,NA,3670883,5,25,NA
"292",2006,"PA",0.33603381933356,NA,12510809,5,25,NA
"293",2006,"RI",0.0885029745518452,NA,1063096,5,25,NA
"294",2006,"SD",0,NA,783033,5,25,NA
"295",2006,"TN",0.126984330069697,NA,6088766,5,25,NA
"296",2006,"TX",1.19727231888228,NA,2335958,5,25,NA
"297",2006,"VA",0.402792782624119,NA,7673725,5,25,NA
"298",2006,"VT",0.170850557869705,NA,622892,5,25,NA
"299",2006,"WA",0.521430654096608,NA,6370753,5,25,NA
"300",2006,"WI",0.233803019755635,NA,5577655,5,25,NA
"301",2006,"WV",0.0143452798511874,NA,1827912,5,25,NA
"302",2006,"AL",0.192907006726279,NA,4628981,5,25,NA
"303",2006,"LA",0.0718495863880005,NA,4302665,5,25,NA
"304",2006,"SC",0.175650176127486,NA,4357847,5,25,NA
"305",2006,"UT",0.140191288158118,NA,2525507,5,25,NA
"306",2006,"WY",0,NA,522667,5,25,NA
"307",2007,"AK",0.0261528784718774,NA,6803,6,36,NA
"308",2007,"AR",0.236870567035039,NA,284865,6,36,NA
"309",2007,"AZ",0.327153024007582,NA,6167681,6,36,NA
"310",2007,"CA",1.78924969211343,NA,36250311,6,36,NA
"311",2007,"CO",0.227902720989672,NA,4803868,6,36,NA
"312",2007,"CT",0.0933973104910197,NA,352727,6,36,NA
"313",2007,"DC",0.0639463916083683,NA,574404,6,36,NA
"314",2007,"DE",0.0109408102167275,NA,871749,6,36,NA
"315",2007,"FL",1.12324759494752,NA,18367842,6,36,NA
"316",2007,"GA",0.434803440097741,NA,9349988,6,36,NA
"317",2007,"HI",0.0452466189339698,NA,1315675,6,36,NA
"318",2007,"IA",0.0876118511299426,NA,2999212,6,36,NA
"319",2007,"ID",0,NA,1505105,6,36,NA
"320",2007,"IL",0.480347983889122,NA,12695866,6,36,NA
"321",2007,"IN",0.127143008905069,NA,6379599,6,36,NA
"322",2007,"KS",0.051440329218107,NA,2783785,6,36,NA
"323",2007,"KY",0.0705061105295792,NA,4256672,6,36,NA
"324",2007,"MA",0.395301942675268,4,6431559,6,36,4
"325",2007,"MD",0.168097892103116,NA,5653408,6,36,NA
"326",2007,"ME",0.0819291168957176,NA,132704,6,36,NA
"327",2007,"MI",0,NA,10001284,6,36,NA
"328",2007,"MN",0.0460528646400032,NA,5207203,6,36,NA
"329",2007,"MO",0.236095391941859,NA,5887612,6,36,NA
"330",2007,"MS",0.0210797478397408,NA,292835,6,36,NA
"331",2007,"MT",0,NA,964706,6,36,NA
"332",2007,"NC",0.395391711293144,NA,9118037,6,36,NA
"333",2007,"ND",0,NA,652822,6,36,NA
"334",2007,"NE",0.0694284115011984,NA,178344,6,36,NA
"335",2007,"NH",0.0404391961881086,NA,131254,6,36,NA
"336",2007,"NJ",0.437054437330795,NA,8677885,6,36,NA
"337",2007,"NM",0.0955586853522186,NA,199007,6,36,NA
"338",2007,"NV",0.102973011375509,NA,2601072,6,36,NA
"339",2007,"NY",0.882513197502523,NA,19132335,6,36,NA
"340",2007,"OH",0.211841297975322,NA,11500468,6,36,NA
"341",2007,"OK",0.102013727608321,NA,3634349,6,36,NA
"342",2007,"OR",0.143789905478295,NA,3722417,6,36,NA
"343",2007,"PA",0.136024467337061,NA,12563937,6,36,NA
"344",2007,"RI",0.0276944916153683,NA,1057315,6,36,NA
"345",2007,"SD",0,NA,791623,6,36,NA
"346",2007,"TN",0.28912671621683,NA,6175727,6,36,NA
"347",2007,"TX",0.885928688779362,NA,23831983,6,36,NA
"348",2007,"VA",0.218497785380974,NA,7751,6,36,NA
"349",2007,"VT",0.0453639379871656,NA,623481,6,36,NA
"350",2007,"WA",0.157397425113521,NA,6461587,6,36,NA
"351",2007,"WI",0.0477457313640872,NA,5610775,6,36,NA
"352",2007,"WV",0.0375281253372965,NA,1834052,6,36,NA
"353",2007,"AL",0.0996861054572308,NA,467284,6,36,NA
"354",2007,"LA",0.0233442273060762,NA,4375581,6,36,NA
"355",2007,"SC",0.0575262379847087,NA,444411,6,36,NA
"356",2007,"UT",0.0709706693348536,NA,2597746,6,36,NA
"357",2007,"WY",0,NA,534876,6,36,NA
"358",2008,"AK",0.0195674416630911,NA,687455,7,49,NA
"359",2008,"AR",0.0994268750843353,NA,2874554,7,49,NA
"360",2008,"AZ",0.296619884875765,NA,6280362,7,49,NA
"361",2008,"CA",2.29658699283704,NA,36604337,7,49,NA
"362",2008,"CO",0.452592008614391,NA,488973,7,49,NA
"363",2008,"CT",0.0339403835975383,0,3545579,7,49,NA
"364",2008,"DC",0.193023050765062,NA,580236,7,49,NA
"365",2008,"DE",0.0434064637886294,NA,883874,7,49,NA
"366",2008,"FL",0.786824133347593,NA,18527305,7,49,NA
"367",2008,"GA",0.532045009784736,NA,9504843,7,49,NA
"368",2008,"HI",0.407760261650124,NA,1332213,7,49,NA
"369",2008,"IA",0.108431429523114,NA,3016734,7,49,NA
"370",2008,"ID",0,NA,153432,7,49,NA
"371",2008,"IL",0.593107251714816,NA,12747038,7,49,NA
"372",2008,"IN",0.231287147657829,NA,6424806,7,49,NA
"373",2008,"KS",0,NA,2808076,7,49,NA
"374",2008,"KY",0.0936651530061772,NA,4289878,7,49,NA
"375",2008,"MA",0.121497566418266,5,6468967,7,49,6
"376",2008,"MD",0.165977874386228,NA,5684965,7,49,NA
"377",2008,"ME",0.0967519338322934,NA,1330509,7,49,NA
"378",2008,"MI",0.151411754670306,NA,9946889,7,49,NA
"379",2008,"MN",0.276127981607434,NA,5247018,7,49,NA
"380",2008,"MO",0.041452614629658,NA,5923916,7,49,NA
"381",2008,"MS",0.0365795522662803,NA,2947806,7,49,NA
"382",2008,"MT",0,NA,976415,7,49,NA
"383",2008,"NC",0.124325066680159,NA,9309449,7,49,NA
"384",2008,"ND",0.00800386068574254,NA,657569,7,49,NA
"385",2008,"NE",0.0334296987560385,NA,1796378,7,49,NA
"386",2008,"NH",0.0356370776652286,NA,1315906,7,49,NA
"387",2008,"NJ",0.280707846797181,NA,871109,7,49,NA
"388",2008,"NM",0.157259847658957,NA,2010662,7,49,NA
"389",2008,"NV",0.0959099065651878,NA,265363,7,49,NA
"390",2008,"NY",0.521046365310817,NA,19212436,7,49,NA
"391",2008,"OH",0.192410630325651,NA,11515391,7,49,NA
"392",2008,"OK",0.015188299313916,NA,3668976,7,49,NA
"393",2008,"OR",0.0801237972461331,NA,3768748,7,49,NA
"394",2008,"PA",0.249062353492733,NA,12612285,7,49,NA
"395",2008,"RI",0,NA,1055003,7,49,NA
"396",2008,"SD",0,NA,799124,7,49,NA
"397",2008,"TN",0.0972268786819292,NA,6247411,7,49,NA
"398",2008,"TX",1.40641283781733,NA,24309039,7,49,NA
"399",2008,"VA",0.157167892431595,NA,7833496,7,49,NA
"400",2008,"VT",0.0219332380534605,NA,624151,7,49,NA
"401",2008,"WA",0.451930679782087,NA,6562231,7,49,NA
"402",2008,"WI",0.105837181598569,NA,5640996,7,49,NA
"403",2008,"WV",0.0351641505025641,NA,184031,7,49,NA
"404",2008,"AL",0.0229789754219722,NA,4718206,7,49,NA
"405",2008,"LA",0,NA,4435586,7,49,NA
"406",2008,"SC",0.141275748453315,NA,4528996,7,49,NA
"407",2008,"UT",0,NA,2663029,7,49,NA
"408",2008,"WY",0,NA,546043,7,49,NA
"409",2009,"AK",0,NA,698895,8,64,NA
"410",2009,"AR",0.220844859987627,NA,2896843,8,64,NA
"411",2009,"AZ",0.311299210820856,NA,6343154,8,64,NA
"412",2009,"CA",2.93104357699472,NA,36961229,8,64,NA
"413",2009,"CO",0.328561148354354,NA,4972195,8,64,NA
"414",2009,"CT",0.127756211088957,1,3561807,8,64,2
"415",2009,"DC",0.192493915354512,0,592228,8,64,NA
"416",2009,"DE",0.0649678769941529,NA,89173,8,64,NA
"417",2009,"FL",1.07788603987176,NA,18652644,8,64,NA
"418",2009,"GA",0.448180891590825,NA,9620846,8,64,NA
"419",2009,"HI",0,NA,1346717,8,64,NA
"420",2009,"IA",0.105570535333503,0,303287,8,64,NA
"421",2009,"ID",0.0213750177157076,NA,1554439,8,64,NA
"422",2009,"IL",0.286758559013939,NA,12796778,8,64,NA
"423",2009,"IN",0.127689805821805,NA,6459325,8,64,NA
"424",2009,"KS",0.163178216758566,NA,2832704,8,64,NA
"425",2009,"KY",0.149908154862866,NA,4317074,8,64,NA
"426",2009,"MA",0.513872152441551,6,6517613,8,64,6
"427",2009,"MD",0.142417950782239,NA,5730388,8,64,NA
"428",2009,"ME",0.0929089704318381,NA,132959,8,64,NA
"429",2009,"MI",0.149806772670563,NA,9901591,8,64,NA
"430",2009,"MN",0.243554331077675,NA,5281203,8,64,NA
"431",2009,"MO",0.233605834264542,NA,5961088,8,64,NA
"432",2009,"MS",0.148142281810411,NA,2958774,8,64,NA
"433",2009,"MT",0.0364730343473766,NA,983982,8,64,NA
"434",2009,"NC",0.439243554214419,NA,9449566,8,64,NA
"435",2009,"ND",0,NA,664968,8,64,NA
"436",2009,"NE",0.0395671815831062,NA,1812683,8,64,NA
"437",2009,"NH",0.0575682428400955,0,1316102,8,64,NA
"438",2009,"NJ",0.208608052080735,NA,8755602,8,64,NA
"439",2009,"NM",0.0949047571300988,NA,2036802,8,64,NA
"440",2009,"NV",0.323139715655837,NA,2684665,8,64,NA
"441",2009,"NY",0.908250106474936,NA,19307066,8,64,NA
"442",2009,"OH",0.73645512878966,NA,11528896,8,64,NA
"443",2009,"OK",0.0994293316528376,NA,3717572,8,64,NA
"444",2009,"OR",0.502237303569015,NA,38086,8,64,NA
"445",2009,"PA",0.381328899800878,NA,12666858,8,64,NA
"446",2009,"RI",0.0305305795216721,NA,1053646,8,64,NA
"447",2009,"SD",0,NA,807067,8,64,NA
"448",2009,"TN",0.0596122365943435,NA,6306019,8,64,NA
"449",2009,"TX",1.18546646335426,NA,24801761,8,64,NA
"450",2009,"VA",0.58226040271021,NA,7925937,8,64,NA
"451",2009,"VT",0,0,624817,8,64,NA
"452",2009,"WA",0.274893316926088,NA,6667426,8,64,NA
"453",2009,"WI",0.0223786898337146,NA,5669264,8,64,NA
"454",2009,"WV",0,NA,1847775,8,64,NA
"455",2009,"AL",0.00582758733222376,NA,4757938,8,64,NA
"456",2009,"LA",0.0311003442083209,NA,4491648,8,64,NA
"457",2009,"SC",0.181590394008925,NA,4589872,8,64,NA
"458",2009,"UT",0.0240073653664619,NA,2723421,8,64,NA
"459",2009,"WY",0,NA,559851,8,64,NA
"460",2010,"AK",0,NA,713982,9,81,NA
"461",2010,"AR",0.265785487327274,NA,2921998,9,81,NA
"462",2010,"AZ",0.229523925987941,NA,6407342,9,81,NA
"463",2010,"CA",2.49521107167107,NA,3731955,9,81,NA
"464",2010,"CO",0.410398636213763,NA,5047539,9,81,NA
"465",2010,"CT",0.168712765932622,2,3579173,9,81,2
"466",2010,"DC",0.0222251032541255,1,605282,9,81,2
"467",2010,"DE",0.147105955485461,NA,899647,9,81,NA
"468",2010,"FL",1.06589099023265,NA,18846143,9,81,NA
"469",2010,"GA",0.47143781397473,NA,9712209,9,81,NA
"470",2010,"HI",0.0371106265472365,NA,1364004,9,81,NA
"471",2010,"IA",0,1,3050819,9,81,2
"472",2010,"ID",0.0237060632284436,NA,1570819,9,81,NA
"473",2010,"IL",0.41511766058562,NA,12840545,9,81,NA
"474",2010,"IN",0.0410630668044768,NA,6490555,9,81,NA
"475",2010,"KS",0.0256290665940125,NA,2858266,9,81,NA
"476",2010,"KY",0.313848568065908,NA,4348464,9,81,NA
"477",2010,"MA",0.292557968069117,7,656644,9,81,7
"478",2010,"MD",0.162576866764275,NA,5788784,9,81,NA
"479",2010,"ME",0.154650909014106,NA,1327651,9,81,NA
"480",2010,"MI",0.157032343112201,NA,9877597,9,81,NA
"481",2010,"MN",0.483776422314452,NA,5310934,9,81,NA
"482",2010,"MO",0.227145931298318,NA,5996089,9,81,NA
"483",2010,"MS",0.0715849366819689,NA,2970615,9,81,NA
"484",2010,"MT",0,NA,99073,9,81,NA
"485",2010,"NC",0.480731971376838,NA,9574586,9,81,NA
"486",2010,"ND",0,NA,674752,9,81,NA
"487",2010,"NE",0,NA,1829591,9,81,NA
"488",2010,"NH",0.0417286256066213,1,1316807,9,81,2
"489",2010,"NJ",0.214835128713243,NA,8799451,9,81,NA
"490",2010,"NM",0.103513688992197,NA,2064614,9,81,NA
"491",2010,"NV",0.0820542859998652,NA,2702483,9,81,NA
"492",2010,"NY",1.08704300433624,NA,19399956,9,81,NA
"493",2010,"OH",0.21880597155995,NA,11539449,9,81,NA
"494",2010,"OK",0.121781529492662,NA,3760014,9,81,NA
"495",2010,"OR",0.426077729451136,NA,3837614,9,81,NA
"496",2010,"PA",0.311077716785275,NA,12711406,9,81,NA
"497",2010,"RI",0.0621590207990092,NA,1053994,9,81,NA
"498",2010,"SD",0,NA,816193,9,81,NA
"499",2010,"TN",0.100683576224692,NA,6355518,9,81,NA
"500",2010,"TX",0.951006430142564,NA,25241897,9,81,NA
"501",2010,"VA",0.238459630352471,NA,8024004,9,81,NA
"502",2010,"VT",0,1,625886,9,81,2
"503",2010,"WA",1.0768750029591,NA,6743009,9,81,NA
"504",2010,"WI",0.143503723654158,NA,5690538,9,81,NA
"505",2010,"WV",0.042867514029892,NA,1854265,9,81,NA
"506",2010,"AL",0.27601012037108,NA,4785514,9,81,NA
"507",2010,"LA",0.0192586576947619,NA,4544635,9,81,NA
"508",2010,"SC",0.0893171174173007,NA,4635846,9,81,NA
"509",2010,"UT",0.0611393608283576,NA,2775413,9,81,NA
"510",2010,"WY",0,NA,564531,9,81,NA
"511",2011,"AK",0,NA,722349,10,100,NA
"512",2011,"AR",0,NA,2941038,10,100,NA
"513",2011,"AZ",0.196736706186172,NA,6473416,10,100,NA
"514",2011,"CA",2.77575483622544,NA,37636311,10,100,NA
"515",2011,"CO",0.242437019078739,NA,51219,10,100,NA
"516",2011,"CT",0.231167758745769,3,3588632,10,100,4
"517",2011,"DC",0.218066709654728,2,62029,10,100,2
"518",2011,"DE",0.0175711167831909,NA,90759,10,100,NA
"519",2011,"FL",1.91018665266856,NA,19055607,10,100,NA
"520",2011,"GA",0.451428137199958,NA,980363,10,100,NA
"521",2011,"HI",0.0453556717730365,NA,1379562,10,100,NA
"522",2011,"IA",0,2,3066772,10,100,2
"523",2011,"ID",0,NA,1584272,10,100,NA
"524",2011,"IL",0.413641003910087,NA,12867783,10,100,NA
"525",2011,"IN",0.208533060887455,NA,651725,10,100,NA
"526",2011,"KS",0.051298878356957,NA,2869677,10,100,NA
"527",2011,"KY",0.214136758277389,NA,4370817,10,100,NA
"528",2011,"MA",0.329260627761694,8,6614218,10,100,7
"529",2011,"MD",0.282925482248708,NA,5840241,10,100,NA
"530",2011,"ME",0.207248766740454,NA,1328473,10,100,NA
"531",2011,"MI",0.0485431282578796,NA,9883053,10,100,NA
"532",2011,"MN",0.177522681504663,NA,534662,10,100,NA
"533",2011,"MO",0.118468987347699,NA,6011182,10,100,NA
"534",2011,"MS",0,NA,2979147,10,100,NA
"535",2011,"MT",0,NA,997518,10,100,NA
"536",2011,"NC",0.186719983759374,NA,9658913,10,100,NA
"537",2011,"ND",0,NA,685526,10,100,NA
"538",2011,"NE",0,NA,1840914,10,100,NA
"539",2011,"NH",0.00946421028090238,2,1320444,10,100,2
"540",2011,"NJ",0.150082509815823,NA,8828552,10,100,NA
"541",2011,"NM",0.027783951989331,NA,2080707,10,100,NA
"542",2011,"NV",0.177975683636008,NA,2713114,10,100,NA
"543",2011,"NY",1.11996948503487,0,19499921,10,100,NA
"544",2011,"OH",0.263120890225679,NA,11545735,10,100,NA
"545",2011,"OK",0.0315333070555775,NA,3788824,10,100,NA
"546",2011,"OR",0.635123685086276,NA,3872672,10,100,NA
"547",2011,"PA",0.496851362816208,NA,12747052,10,100,NA
"548",2011,"RI",0.0279713813470185,NA,1053829,10,100,NA
"549",2011,"SD",0,NA,82374,10,100,NA
"550",2011,"TN",0.11984073980132,NA,6400298,10,100,NA
"551",2011,"TX",0.66568229358927,NA,25645504,10,100,NA
"552",2011,"VA",0.374313089371684,NA,8102437,10,100,NA
"553",2011,"VT",0,2,627197,10,100,2
"554",2011,"WA",0.302541156924936,NA,6827479,10,100,NA
"555",2011,"WI",0.13530948843232,NA,570584,10,100,NA
"556",2011,"WV",0,NA,1856606,10,100,NA
"557",2011,"AL",0.139842891978928,NA,4799642,10,100,NA
"558",2011,"LA",0.149748561717303,NA,4576244,10,100,NA
"559",2011,"SC",0.171691345364102,NA,4672655,10,100,NA
"560",2011,"UT",0.165611890514468,NA,2814797,10,100,NA
"561",2011,"WY",0,NA,567491,10,100,NA
"562",2012,"AK",0,NA,73081,11,121,NA
"563",2012,"AR",0.124841787872635,NA,2952876,11,121,NA
"564",2012,"AZ",0.269274501335355,NA,6556344,11,121,NA
"565",2012,"CA",2.16548853099832,NA,37944551,11,121,NA
"566",2012,"CO",0.341751063176816,NA,519366,11,121,NA
"567",2012,"CT",0.240439161473879,4,3595211,11,121,4
"568",2012,"DC",0.142759524192952,3,635737,11,121,4
"569",2012,"DE",0.0777317864707826,NA,915518,11,121,NA
"570",2012,"FL",1.28088367160119,NA,19302016,11,121,NA
"571",2012,"GA",0.549752856242301,NA,990358,11,121,NA
"572",2012,"HI",0.0375040413837698,NA,1395199,11,121,NA
"573",2012,"IA",0.117452997210491,3,3076844,11,121,4
"574",2012,"ID",0.120432261169661,NA,159591,11,121,NA
"575",2012,"IL",0.460553740234244,NA,12883029,11,121,NA
"576",2012,"IN",0.180340088618027,NA,6538989,11,121,NA
"577",2012,"KS",0.0734512586089196,NA,2886024,11,121,NA
"578",2012,"KY",0.120609206647389,NA,4387865,11,121,NA
"579",2012,"MA",0.315151622455438,9,6664269,11,121,7
"580",2012,"MD",0.433268723085154,0,5888375,11,121,NA
"581",2012,"ME",0.229322532037061,0,1328094,11,121,NA
"582",2012,"MI",0.174879417820777,NA,9898289,11,121,NA
"583",2012,"MN",0.223315545523279,NA,53775,11,121,NA
"584",2012,"MO",0.233050893689078,NA,6026027,11,121,NA
"585",2012,"MS",0.088997759935023,NA,2984599,11,121,NA
"586",2012,"MT",0,NA,1004168,11,121,NA
"587",2012,"NC",0.410155476004914,NA,975181,11,121,NA
"588",2012,"ND",0,NA,702227,11,121,NA
"589",2012,"NE",0.0788359068397169,NA,1853691,11,121,NA
"590",2012,"NH",0.0246117177683649,3,1324677,11,121,4
"591",2012,"NJ",0.18764252553594,NA,8845671,11,121,NA
"592",2012,"NM",0.113490692682336,NA,2087715,11,121,NA
"593",2012,"NV",0.272232699210025,NA,274467,11,121,NA
"594",2012,"NY",0.841598824463484,1,19574362,11,121,2
"595",2012,"OH",0.547017682561907,NA,11550971,11,121,NA
"596",2012,"OK",0.073361555955448,NA,381932,11,121,NA
"597",2012,"OR",0.205011886327452,NA,3900102,11,121,NA
"598",2012,"PA",0.412605154226198,NA,12769123,11,121,NA
"599",2012,"RI",0,NA,1054893,11,121,NA
"600",2012,"SD",0,NA,833859,11,121,NA
"601",2012,"TN",0.207050224468735,NA,6455752,11,121,NA
"602",2012,"TX",0.98395741531298,NA,2608412,11,121,NA
"603",2012,"VA",0.214023711632134,NA,8187456,11,121,NA
"604",2012,"VT",0.232801493036452,3,626361,11,121,4
"605",2012,"WA",0.57034388967888,0,6898599,11,121,NA
"606",2012,"WI",0.115409944381535,NA,5720825,11,121,NA
"607",2012,"WV",0,NA,1857446,11,121,NA
"608",2012,"AL",0.0852060922355948,NA,4816632,11,121,NA
"609",2012,"LA",0.10408422148255,NA,4602067,11,121,NA
"610",2012,"SC",0.197780439882761,NA,4719027,11,121,NA
"611",2012,"UT",0,NA,2854146,11,121,NA
"612",2012,"WY",0,NA,576656,11,121,NA
"613",2013,"AK",0,NA,737626,12,144,NA
"614",2013,"AR",0.064419450803446,NA,2960459,12,144,NA
"615",2013,"AZ",0.315826807559576,NA,663469,12,144,NA
"616",2013,"CA",3.26843020498498,0,38253768,12,144,NA
"617",2013,"CO",0.241790547879889,NA,5270774,12,144,NA
"618",2013,"CT",0.00994785665138565,5,3595792,12,144,6
"619",2013,"DC",0.117998040787247,4,651559,12,144,4
"620",2013,"DE",0.0611873656358525,0,924062,12,144,NA
"621",2013,"FL",1.39923890519902,NA,19551678,12,144,NA
"622",2013,"GA",0.418876455617011,NA,9975592,12,144,NA
"623",2013,"HI",0.102035173100321,0,1408822,12,144,NA
"624",2013,"IA",0.0969493990238958,4,3093935,12,144,4
"625",2013,"ID",0.0478508373896543,NA,1612053,12,144,NA
"626",2013,"IL",0.496743947447169,0,12895778,12,144,NA
"627",2013,"IN",0.179330925520492,NA,6570575,12,144,NA
"628",2013,"KS",0,NA,2894306,12,144,NA
"629",2013,"KY",0.109982586090536,NA,4406906,12,144,NA
"630",2013,"MA",0.253209839969145,10,6715158,12,144,7
"631",2013,"MD",0.363158276714883,1,5925197,12,144,2
"632",2013,"ME",0.281791138424995,1,1328543,12,144,2
"633",2013,"MI",0.0812415028020028,NA,9914802,12,144,NA
"634",2013,"MN",0.0192668005104306,0,5414722,12,144,NA
"635",2013,"MO",0.275579877638062,NA,6042989,12,144,NA
"636",2013,"MS",0,NA,2989839,12,144,NA
"637",2013,"MT",0,NA,1014158,12,144,NA
"638",2013,"NC",0.243850061880838,NA,9846717,12,144,NA
"639",2013,"ND",0,NA,723149,12,144,NA
"640",2013,"NE",0.142290967138218,NA,1865813,12,144,NA
"641",2013,"NH",0.0576651942268587,4,1327272,12,144,4
"642",2013,"NJ",0.274356182206446,0,8857821,12,144,NA
"643",2013,"NM",0.0515296835911203,0,2092833,12,144,NA
"644",2013,"NV",0.0332124768204589,NA,2776956,12,144,NA
"645",2013,"NY",1.46979547952264,2,19626488,12,144,2
"646",2013,"OH",0.893196231899784,NA,11579692,12,144,NA
"647",2013,"OK",0.126437257581404,NA,3853891,12,144,NA
"648",2013,"OR",0.296761513428041,NA,392411,12,144,NA
"649",2013,"PA",0.2290577785394,NA,12779538,12,144,NA
"650",2013,"RI",0.0343216492106021,0,105556,12,144,NA
"651",2013,"SD",0,NA,842751,12,144,NA
"652",2013,"TN",0.158036005451824,NA,6496943,12,144,NA
"653",2013,"TX",1.03781674107803,NA,26479646,12,144,NA
"654",2013,"VA",0.356390597354453,NA,8255861,12,144,NA
"655",2013,"VT",0,4,626603,12,144,4
"656",2013,"WA",0.268796775564544,1,6966252,12,144,2
"657",2013,"WI",0.288222047598288,NA,5738012,12,144,NA
"658",2013,"WV",0.114242508699264,NA,1854768,12,144,NA
"659",2013,"AL",0.033210087010428,NA,4831586,12,144,NA
"660",2013,"LA",0.12146591050902,NA,462604,12,144,NA
"661",2013,"SC",0.0694577571812375,NA,4766469,12,144,NA
"662",2013,"UT",0.112044508715186,NA,2898773,12,144,NA
"663",2013,"WY",0,NA,58262,12,144,NA
"664",2014,"AK",0,0,737075,13,169,NA
"665",2014,"AR",0.0594562784009901,NA,2968759,13,169,NA
"666",2014,"AZ",0.514331554102002,0,6732873,13,169,NA
"667",2014,"CA",2.19858130632969,1,38586706,13,169,2
"668",2014,"CO",0.273461010200775,0,5352637,13,169,NA
"669",2014,"CT",0.126493751330313,6,3595697,13,169,6
"670",2014,"DC",0.137154053392114,5,663603,13,169,6
"671",2014,"DE",0.0215697949958076,1,933131,13,169,2
"672",2014,"FL",1.62296550743708,NA,1985388,13,169,NA
"673",2014,"GA",1.04733290336789,NA,10071204,13,169,NA
"674",2014,"HI",0,1,1415335,13,169,2
"675",2014,"IA",0.11945155105571,5,3110643,13,169,6
"676",2014,"ID",0.0136116564175935,0,1632248,13,169,NA
"677",2014,"IL",0.63458587746494,1,12885092,13,169,2
"678",2014,"IN",0.155974147592072,0,6596019,13,169,NA
"679",2014,"KS",0,0,2901861,13,169,NA
"680",2014,"KY",0.0151841380420358,NA,4416992,13,169,NA
"681",2014,"MA",0.580768919364985,11,6764864,13,169,7
"682",2014,"MD",0.25692001835143,2,5960064,13,169,2
"683",2014,"ME",0.302092338008793,2,1331217,13,169,2
"684",2014,"MI",0,NA,9932033,13,169,NA
"685",2014,"MN",0.436839288310837,1,5452665,13,169,2
"686",2014,"MO",0.186078503019937,NA,605913,13,169,NA
"687",2014,"MS",0.0199786893979755,NA,2991892,13,169,NA
"688",2014,"MT",0.0154066913375123,0,1022657,13,169,NA
"689",2014,"NC",0.942307872679012,0,9937295,13,169,NA
"690",2014,"ND",0,NA,738736,13,169,NA
"691",2014,"NE",0,NA,1879955,13,169,NA
"692",2014,"NH",0.0290491838994898,5,1334257,13,169,6
"693",2014,"NJ",0.341477938850327,1,8867277,13,169,2
"694",2014,"NM",0.0923125508630009,1,2090236,13,169,2
"695",2014,"NV",0.192991428014806,0,2818935,13,169,NA
"696",2014,"NY",1.38455063753115,3,19653431,13,169,4
"697",2014,"OH",0.228851451776397,NA,11606573,13,169,NA
"698",2014,"OK",0.162048978848663,0,3879187,13,169,NA
"699",2014,"OR",0.212256349313306,0,3965447,13,169,NA
"700",2014,"PA",0.68985629039187,0,12792392,13,169,NA
"701",2014,"RI",0.116535614679846,1,1056511,13,169,2
"702",2014,"SD",0,NA,84967,13,169,NA
"703",2014,"TN",0.135474420411072,NA,6544617,13,169,NA
"704",2014,"TX",1.20079987975664,NA,26963092,13,169,NA
"705",2014,"VA",0.251400262491451,0,831543,13,169,NA
"706",2014,"VT",0,5,625693,13,169,6
"707",2014,"WA",0.468147491099038,2,7057531,13,169,2
"708",2014,"WI",0.242401241388176,0,5753199,13,169,NA
"709",2014,"WV",0,0,1850569,13,169,NA
"710",2014,"AL",0.0701166486063178,NA,4843737,13,169,NA
"711",2014,"LA",0.0638719870911352,NA,4645938,13,169,NA
"712",2014,"SC",0.42044241037376,0,4826858,13,169,NA
"713",2014,"UT",0.0935266823452497,0,2938327,13,169,NA
"714",2014,"WY",0.0522412397782314,0,583159,13,169,NA
"715",2015,"AK",0.0717909447688332,1,73843,14,196,2
"716",2015,"AR",0.117971277670499,0,2979732,14,196,NA
"717",2015,"AZ",0.524747237437446,1,683281,14,196,2
"718",2015,"CA",2.49711267842526,2,38904296,14,196,2
"719",2015,"CO",0.363098613330584,1,5454328,14,196,2
"720",2015,"CT",0.0644658475334597,7,3588561,14,196,7
"721",2015,"DC",0.325485655474077,6,677014,14,196,6
"722",2015,"DE",0,2,942065,14,196,2
"723",2015,"FL",1.67128063160053,0,20219111,14,196,NA
"724",2015,"GA",0.45042541994489,0,10183353,14,196,NA
"725",2015,"HI",0.202262653417183,2,1422999,14,196,2
"726",2015,"IA",0.142441517719151,6,3122541,14,196,6
"727",2015,"ID",0.281602703385953,1,1652495,14,196,2
"728",2015,"IL",0.69187886492141,2,12859585,14,196,2
"729",2015,"IN",0.147170834355353,1,6611442,14,196,2
"730",2015,"KS",0.0226507792187076,1,2910717,14,196,2
"731",2015,"KY",0.190489628897982,0,4429126,14,196,NA
"732",2015,"MA",0.561153961077127,12,6797484,14,196,7
"733",2015,"MD",0.339570653333937,3,5988528,14,196,4
"734",2015,"ME",0.372858516546414,3,1329098,14,196,4
"735",2015,"MI",0.0508312020460358,0,9934483,14,196,NA
"736",2015,"MN",0.219992988527559,2,5484002,14,196,2
"737",2015,"MO",0.321110488087942,0,6075411,14,196,NA
"738",2015,"MS",0.21251234329212,0,2990231,14,196,NA
"739",2015,"MT",0.00732883194351064,1,1031495,14,196,2
"740",2015,"NC",0.507484579016986,1,10037218,14,196,2
"741",2015,"ND",0.028032619775739,0,755537,14,196,NA
"742",2015,"NE",0,0,1892059,14,196,NA
"743",2015,"NH",0.0233183627315066,6,133748,14,196,6
"744",2015,"NJ",0.498684253273123,2,8870312,14,196,2
"745",2015,"NM",0.153459732038163,2,2090071,14,196,2
"746",2015,"NV",0.339682662339335,1,2868531,14,196,2
"747",2015,"NY",1.00849052306248,4,19657321,14,196,4
"748",2015,"OH",0.367090486320685,0,11622315,14,196,NA
"749",2015,"OK",0.0765128086923673,1,3910518,14,196,2
"750",2015,"OR",0.294352376305765,1,4018542,14,196,2
"751",2015,"PA",0.386785539413019,1,12789838,14,196,2
"752",2015,"RI",0.100188854390064,2,1056886,14,196,2
"753",2015,"SD",0,0,854663,14,196,NA
"754",2015,"TN",0.337176737076785,0,6595354,14,196,NA
"755",2015,"TX",1.16592299935073,0,27468531,14,196,NA
"756",2015,"VA",0.250943060210145,1,8367303,14,196,2
"757",2015,"VT",0.00923640417230671,6,62581,14,196,6
"758",2015,"WA",0.492264186143941,3,7167287,14,196,4
"759",2015,"WI",0.381871753120881,1,5762927,14,196,2
"760",2015,"WV",0.0401319896548649,1,1843332,14,196,2
"761",2015,"AL",0.143179479312483,0,4854803,14,196,NA
"762",2015,"LA",0.114229607929332,0,4666998,14,196,NA
"763",2015,"SC",0.100408048041883,1,4896006,14,196,2
"764",2015,"UT",0.108377587514902,1,2983626,14,196,2
"765",2015,"WY",0,1,586389,14,196,2
"766",2016,"AK",0,2,742575,15,225,2
"767",2016,"AR",0.0356737931838331,1,2991815,15,225,2
"768",2016,"AZ",0.454998279266062,2,6944767,15,225,2
"769",2016,"CA",3.05040915973392,3,39149186,15,225,4
"770",2016,"CO",0.740652724968314,2,5543844,15,225,2
"771",2016,"CT",0.0469928157952822,8,357983,15,225,7
"772",2016,"DC",0.227197798259823,7,687576,15,225,7
"773",2016,"DE",0.0141524287336761,3,949989,15,225,4
"774",2016,"FL",1.91094083899659,1,20627237,15,225,2
"775",2016,"GA",0.413456871667804,1,10308442,15,225,2
"776",2016,"HI",0,3,1428885,15,225,4
"777",2016,"IA",0.18762523099144,7,313321,15,225,7
"778",2016,"ID",0.0865418580007065,2,1684036,15,225,2
"779",2016,"IL",0.889223869070603,3,12821709,15,225,4
"780",2016,"IN",0.1289043845444,2,6637898,15,225,2
"781",2016,"KS",0.0744403679481044,2,2912977,15,225,2
"782",2016,"KY",0,1,4440306,15,225,2
"783",2016,"MA",0.545424854390071,13,682728,15,225,7
"784",2016,"MD",0.328947368421053,4,6007014,15,225,4
"785",2016,"ME",0.478455150217676,4,1332348,15,225,4
"786",2016,"MI",0.0849196801358715,1,9954117,15,225,2
"787",2016,"MN",0.17098331401921,3,552536,15,225,4
"788",2016,"MO",0.13516468939011,1,6091384,15,225,2
"789",2016,"MS",0.0594696580848646,1,2990595,15,225,2
"790",2016,"MT",0,2,1042137,15,225,2
"791",2016,"NC",0.131454717118164,2,10161802,15,225,2
"792",2016,"ND",0.0120078545495642,1,756114,15,225,2
"793",2016,"NE",0.353289343264139,1,1906483,15,225,2
"794",2016,"NH",0.140467825083945,7,1343694,15,225,7
"795",2016,"NJ",0.144545654438561,3,8873584,15,225,4
"796",2016,"NM",0.110608417657385,3,2092555,15,225,4
"797",2016,"NV",0.0459303567613758,2,2919555,15,225,2
"798",2016,"NY",1.3292981475413,5,19636391,15,225,6
"799",2016,"OH",0.725591737616665,1,1164006,15,225,2
"800",2016,"OK",0.055134046874611,2,3928143,15,225,2
"801",2016,"OR",0.490799748676061,2,4093271,15,225,2
"802",2016,"PA",0.348827450822992,2,12788468,15,225,2
"803",2016,"RI",0.0201498868778281,3,1057816,15,225,4
"804",2016,"SD",0,1,863693,15,225,2
"805",2016,"TN",0.166777851901268,1,6651277,15,225,2
"806",2016,"TX",1.28900899012658,1,27914064,15,225,2
"807",2016,"VA",0.818153135347044,2,8417651,15,225,2
"808",2016,"VT",0,7,624366,15,225,7
"809",2016,"WA",0.137064944384643,4,7299961,15,225,4
"810",2016,"WI",0.0195908713663386,2,577517,15,225,2
"811",2016,"WV",0.0765189543826585,2,1832435,15,225,2
"812",2016,"AL",0.294901403446438,1,4866824,15,225,2
"813",2016,"LA",0.239014985917108,1,4681346,15,225,2
"814",2016,"SC",0.122298065984073,2,4963031,15,225,2
"815",2016,"UT",0.256096044896727,2,3044241,15,225,2
"816",2016,"WY",0,2,585243,15,225,2
"817",2017,"AK",0,3,740983,16,256,4
"818",2017,"AR",0.196396320072089,2,3003855,16,256,2
"819",2017,"AZ",0.56759242949132,3,7048088,16,256,4
"820",2017,"CA",2.64145158090291,4,39337785,16,256,4
"821",2017,"CO",0.403561390009893,3,5617421,16,256,4
"822",2017,"CT",0,9,3575324,16,256,7
"823",2017,"DC",0.581409006554065,8,697079,16,256,7
"824",2017,"DE",0.0375545115231037,4,957942,16,256,4
"825",2017,"FL",1.42683175189004,2,20977089,16,256,2
"826",2017,"GA",0.361231279218694,2,10417031,16,256,2
"827",2017,"HI",0.102851441071497,4,1425763,16,256,4
"828",2017,"IA",0,8,3143734,16,256,7
"829",2017,"ID",0,3,1719745,16,256,4
"830",2017,"IL",1.7533599006147,4,12779893,16,256,4
"831",2017,"IN",0.0896822685343355,3,6662068,16,256,4
"832",2017,"KS",0.147365504928857,3,2910892,16,256,4
"833",2017,"KY",0.430576330670254,2,445559,16,256,2
"834",2017,"MA",0.309268235247944,14,686356,16,256,7
"835",2017,"MD",0.0899853628959066,5,6028186,16,256,6
"836",2017,"ME",0.566698775713132,5,1335743,16,256,6
"837",2017,"MI",0.0341214493564848,2,9976752,16,256,2
"838",2017,"MN",0.273915283852946,4,5569283,16,256,4
"839",2017,"MO",0.302315292729686,2,6111382,16,256,2
"840",2017,"MS",0.00881269948311602,2,2990674,16,256,2
"841",2017,"MT",0,3,1053862,16,256,4
"842",2017,"NC",0.29109461748837,3,10275758,16,256,4
"843",2017,"ND",0,2,756755,16,256,2
"844",2017,"NE",0,2,1916998,16,256,2
"845",2017,"NH",0.0110947028532515,8,1350395,16,256,7
"846",2017,"NJ",0.165946655551617,4,8888147,16,256,4
"847",2017,"NM",0.0622036208650911,4,2092844,16,256,4
"848",2017,"NV",0.3857351647031,3,2972097,16,256,4
"849",2017,"NY",1.35096244082501,6,19593849,16,256,6
"850",2017,"OH",0.494706053940698,2,11665706,16,256,2
"851",2017,"OK",0.171376635780361,3,3933602,16,256,4
"852",2017,"OR",0.175623191545329,3,4147294,16,256,4
"853",2017,"PA",0.280236397436253,3,12794679,16,256,4
"854",2017,"RI",0,4,1056554,16,256,4
"855",2017,"SD",0,2,873732,16,256,2
"856",2017,"TN",0.112024622159168,2,6714748,16,256,2
"857",2017,"TX",1.40423669615129,2,28291024,16,256,2
"858",2017,"VA",0.147991790350156,3,8471011,16,256,4
"859",2017,"VT",0,8,625132,16,256,7
"860",2017,"WA",0.205623229572288,5,7427951,16,256,6
"861",2017,"WI",0.116827835099246,3,5793147,16,256,4
"862",2017,"WV",0,3,1818683,16,256,4
"863",2017,"AL",0.0367019262716252,2,4877989,16,256,2
"864",2017,"LA",0.0948465421660627,2,4673673,16,256,2
"865",2017,"SC",0.195326853381088,3,5027102,16,256,4
"866",2017,"UT",0.163720215219062,3,310354,16,256,4
"867",2017,"WY",0,3,579994,16,256,4
"868",2018,"AK",0,4,736624,17,289,4
"869",2018,"AR",0.0395386202459302,3,3012161,17,289,4
"870",2018,"AZ",0.666790483577872,4,7164228,17,289,4
"871",2018,"CA",2.59398911280392,5,39437463,17,289,6
"872",2018,"CO",0.290159858930998,4,5697155,17,289,4
"873",2018,"CT",0.0708849158331126,10,3574561,17,289,7
"874",2018,"DC",0.264912166416954,9,704147,17,289,7
"875",2018,"DE",0.0190726379617468,5,966985,17,289,6
"876",2018,"FL",2.27573400960229,3,21254926,17,289,4
"877",2018,"GA",0.999751821518926,3,10519389,17,289,4
"878",2018,"HI",0.102453877843453,5,1423102,17,289,6
"879",2018,"IA",0.0431931236547142,9,31499,17,289,7
"880",2018,"ID",0,4,1752074,17,289,4
"881",2018,"IL",0.370042216083807,5,12724685,17,289,6
"882",2018,"IN",0.156581836506965,4,6698481,17,289,4
"883",2018,"KS",0.0545448020956687,4,2912748,17,289,4
"884",2018,"KY",0.156475383004975,3,4464273,17,289,4
"885",2018,"MA",0.724122301124324,15,688572,17,289,7
"886",2018,"MD",0.308007842825728,6,6042153,17,289,6
"887",2018,"ME",0.367284029338998,6,1340123,17,289,6
"888",2018,"MI",0.0704079371546616,3,9987286,17,289,4
"889",2018,"MN",0.108710520442617,5,5608762,17,289,6
"890",2018,"MO",0.13533118246974,3,6125986,17,289,4
"891",2018,"MS",0.143109117124079,3,2982879,17,289,4
"892",2018,"MT",0,4,1061818,17,289,4
"893",2018,"NC",0.348654795013759,4,10391358,17,289,4
"894",2018,"ND",0,3,760062,17,289,4
"895",2018,"NE",0,3,1925512,17,289,4
"896",2018,"NH",0.0541162388138867,9,1355064,17,289,7
"897",2018,"NJ",0.21646683706117,5,889173,17,289,6
"898",2018,"NM",0.0879674843453783,5,2093754,17,289,6
"899",2018,"NV",0.243574455129018,4,3030725,17,289,4
"900",2018,"NY",0.898349355506785,7,19544098,17,289,7
"901",2018,"OH",0.544003197406548,3,11680892,17,289,4
"902",2018,"OK",0.0396032474662922,4,3943488,17,289,4
"903",2018,"OR",0.178471229207016,4,4183538,17,289,4
"904",2018,"PA",0.46311659771539,4,12809107,17,289,4
"905",2018,"RI",0,5,1059338,17,289,6
"906",2018,"SD",0,3,879386,17,289,4
"907",2018,"TN",0.414357581465986,3,677818,17,289,4
"908",2018,"TX",1.6816742414271,3,28624564,17,289,4
"909",2018,"VA",0.287238109106795,4,851092,17,289,4
"910",2018,"VT",0.0274818423541589,9,624802,17,289,7
"911",2018,"WA",0.801372299119713,6,7526793,17,289,6
"912",2018,"WI",0,4,5809319,17,289,4
"913",2018,"WV",0.0943952802359882,4,1805953,17,289,4
"914",2018,"AL",0.117084698426339,3,4891628,17,289,4
"915",2018,"LA",0.152329781372553,3,466445,17,289,4
"916",2018,"SC",0.105373320050781,4,5091702,17,289,4
"917",2018,"UT",0.0253462801656433,4,3155153,17,289,4
"918",2018,"WY",0,4,579054,17,289,4
"919",2019,"AK",0,5,733603,18,324,6
"920",2019,"AR",0.241593623121405,4,3020985,18,324,4
"921",2019,"AZ",0.245339121979898,5,7291843,18,324,6
"922",2019,"CA",3.15172028814716,6,3943761,18,324,6
"923",2019,"CO",0.440065804232409,5,5758486,18,324,6
"924",2019,"CT",0.120433411136548,11,3566022,18,324,7
"925",2019,"DC",0.480444130624017,10,708253,18,324,7
"926",2019,"DE",0,6,976668,18,324,6
"927",2019,"FL",0.933612915046518,4,21492056,18,324,4
"928",2019,"GA",0.493265897596181,4,1062802,18,324,4
"929",2019,"HI",0.196450571038524,6,1415615,18,324,6
"930",2019,"IA",0.0459959419709261,10,3159596,18,324,7
"931",2019,"ID",0,5,178906,18,324,6
"932",2019,"IL",1.28758987423362,6,12667017,18,324,6
"933",2019,"IN",0.221375907547418,5,673101,18,324,6
"934",2019,"KS",0.0587824273815201,5,2912635,18,324,6
"935",2019,"KY",0.240088465363435,4,4472345,18,324,4
"936",2019,"MA",0.26632914062706,16,6894883,18,324,7
"937",2019,"MD",0.377778196693498,7,6054954,18,324,7
"938",2019,"ME",0.478185609931779,7,134577,18,324,7
"939",2019,"MI",0,4,9984795,18,324,4
"940",2019,"MN",0,6,5640053,18,324,6
"941",2019,"MO",0.497598383650232,4,6140475,18,324,4
"942",2019,"MS",0,4,2978227,18,324,4
"943",2019,"MT",0.0494105760756941,5,1070123,18,324,6
"944",2019,"NC",0.391267216698081,5,10501384,18,324,6
"945",2019,"ND",0,4,763724,18,324,4
"946",2019,"NE",0,4,1932571,18,324,4
"947",2019,"NH",0.0218242078552352,10,1360783,18,324,7
"948",2019,"NJ",0.269326421372064,6,8891258,18,324,6
"949",2019,"NM",0.10161734763888,6,2099634,18,324,6
"950",2019,"NV",0.324767542679463,5,3090771,18,324,6
"951",2019,"NY",1.3175403788078,8,19463131,18,324,7
"952",2019,"OH",0.562976844815699,4,11696507,18,324,4
"953",2019,"OK",0.429162126255766,5,3960676,18,324,6
"954",2019,"OR",0.223123200694827,5,4216116,18,324,6
"955",2019,"PA",0.408193016983745,5,12798883,18,324,6
"956",2019,"RI",0.0648922047775495,6,1058158,18,324,6
"957",2019,"SD",0,4,887127,18,324,4
"958",2019,"TN",0.167441160423683,4,6830325,18,324,4
"959",2019,"TX",1.4070367710371,4,28986794,18,324,4
"960",2019,"VA",0.0824637159649754,5,8556642,18,324,6
"961",2019,"VT",0,10,624046,18,324,7
"962",2019,"WA",0.743053978348096,7,7614024,18,324,7
"963",2019,"WI",0.172844748909476,5,5824581,18,324,6
"964",2019,"WV",0.100640473010223,5,1795263,18,324,6
"965",2019,"AL",0.182206373869594,4,4907965,18,324,4
"966",2019,"LA",0.258109210364593,4,4658285,18,324,4
"967",2019,"SC",0.240690450504074,5,5157702,18,324,6
"968",2019,"UT",0,5,3203383,18,324,6
"969",2019,"WY",0,5,580116,18,324,6
