"","YEAR","state_name","staterate_year","time_since_legalization","state_pop","time_leg_chunked"
"1",2001,"AK",0.00239532042093294,NA,633714,NA
"2",2001,"AL",0.0128216852522524,NA,4467634,NA
"3",2001,"AR",0.00471682001932563,NA,2691571,NA
"4",2001,"AZ",0.0162196466957469,NA,5273477,NA
"5",2001,"CA",0.14868505282596,NA,34479458,NA
"6",2001,"CO",0.0198302561802903,NA,4425687,NA
"7",2001,"CT",0.0144049766252425,NA,3432835,NA
"8",2001,"DC",0.00500879789952215,NA,574504,NA
"9",2001,"DE",0.00215512729684675,NA,795699,NA
"10",2001,"FL",0.0535939171642227,NA,16356966,NA
"11",2001,"GA",0.0304626582327295,NA,8377038,NA
"12",2001,"HI",0.00414498409546905,NA,1225948,NA
"13",2001,"IA",0.012494449665768,NA,2931997,NA
"14",2001,"ID",0.00433118885680193,NA,1319962,NA
"15",2001,"IL",0.0401541202486109,NA,12488445,NA
"16",2001,"IN",0.0228668261343341,NA,612776,NA
"17",2001,"KS",0.0102313456434146,NA,2702162,NA
"18",2001,"KY",0.0131026450992339,NA,4068132,NA
"19",2001,"LA",0.0116284322550719,NA,4477875,NA
"20",2001,"MA",0.0264421779125895,NA,6397634,NA
"21",2001,"MD",0.0220911565960007,NA,5374691,NA
"22",2001,"ME",0.0336678040949622,NA,1285692,NA
"23",2001,"MI",0.00543519578494121,NA,999112,NA
"24",2001,"MN",0.0181279700485785,NA,4982796,NA
"25",2001,"MO",0.0217782444526957,NA,5641142,NA
"26",2001,"MS",0.00496031855337631,NA,2852994,NA
"27",2001,"MT",0.00167143563870988,NA,906961,NA
"28",2001,"NC",0.0321858786275497,NA,8210122,NA
"29",2001,"ND",0.00224327156256645,NA,639062,NA
"30",2001,"NE",0.00453502247127874,NA,1719836,NA
"31",2001,"NH",0.00573819169835269,NA,1255517,NA
"32",2001,"NJ",0.027504316314512,NA,8492671,NA
"33",2001,"NM",0.00657335861604688,NA,183169,NA
"34",2001,"NV",0.0052324639737859,NA,2098399,NA
"35",2001,"NY",0.0667791975125688,NA,19082838,NA
"36",2001,"OH",0.0374447858810515,NA,11387404,NA
"37",2001,"OK",0.00769609620065161,NA,34671,NA
"38",2001,"OR",0.0190490776253494,NA,3467937,NA
"39",2001,"PA",0.0308670200517186,NA,1229897,NA
"40",2001,"RI",0.00628578794913635,NA,1057142,NA
"41",2001,"SC",0.0118785416090515,NA,4064995,NA
"42",2001,"SD",0.00185653859672125,NA,757972,NA
"43",2001,"TN",0.0126597201639924,NA,5750789,NA
"44",2001,"TX",0.0672595837607412,NA,21319622,NA
"45",2001,"UT",0.00960331775016169,NA,2283715,NA
"46",2001,"VA",0.0277290841920972,NA,7198362,NA
"47",2001,"VT",0.0023181941884282,NA,612223,NA
"48",2001,"WA",0.0265413402115242,NA,5985722,NA
"49",2001,"WI",0.0215226260821086,NA,5406835,NA
"50",2001,"WV",0.00186645482661472,NA,1801481,NA
"51",2001,"WY",0.00120757644035994,NA,494657,NA
"52",2002,"AK",0.00169316401693164,NA,642337,NA
"53",2002,"AL",0.00886466908864669,NA,4480089,NA
"54",2002,"AR",0.00186759101867591,NA,2705927,NA
"55",2002,"AZ",0.0213100912131009,NA,5396255,NA
"56",2002,"CA",0.146042062460421,NA,34871843,NA
"57",2002,"CO",0.0215011832150118,NA,4490406,NA
"58",2002,"CT",0.0133864391338644,NA,3458749,NA
"59",2002,"DC",0.00523836505238365,NA,573158,NA
"60",2002,"DE",0.00304302903043029,NA,806169,NA
"61",2002,"FL",0.0657045406570454,NA,1668937,NA
"62",2002,"GA",0.0288371162883712,NA,8508256,NA
"63",2002,"HI",0.00449288404492884,NA,1239613,NA
"64",2002,"IA",0.0120321301203213,NA,2934234,NA
"65",2002,"ID",0.00393627303936273,NA,1340372,NA
"66",2002,"IL",0.0411914364119144,NA,12525556,NA
"67",2002,"IN",0.0246053172460532,NA,6155967,NA
"68",2002,"KS",0.00747925207479252,NA,2713535,NA
"69",2002,"KY",0.0157939761579398,NA,4089875,NA
"70",2002,"LA",0.0116410581164106,NA,4497267,NA
"71",2002,"MA",0.0315612883156129,NA,6417206,NA
"72",2002,"MD",0.0206623782066238,NA,5440389,NA
"73",2002,"ME",0.0243686742436867,NA,129596,NA
"74",2002,"MI",0.00641713606417136,NA,1001571,NA
"75",2002,"MN",0.0218267062182671,NA,5018935,NA
"76",2002,"MO",0.020291304202913,NA,5674825,NA
"77",2002,"MS",0.00544834405448344,NA,2858681,NA
"78",2002,"MT",0.00238976102389761,NA,911667,NA
"79",2002,"NC",0.0226399582263996,NA,8326201,NA
"80",2002,"ND",0.00156984301569843,NA,638168,NA
"81",2002,"NE",0.00470508504705085,NA,1728292,NA
"82",2002,"NH",0.00572276105722761,NA,1269089,NA
"83",2002,"NJ",0.023402104234021,NA,8552643,NA
"84",2002,"NM",0.00695708206957082,NA,1855309,NA
"85",2002,"NV",0.0075770200757702,NA,2173791,NA
"86",2002,"NY",0.0631225766312258,NA,191378,NA
"87",2002,"OH",0.0401893144018931,NA,11407889,NA
"88",2002,"OK",0.00878245508782455,NA,348908,NA
"89",2002,"OR",0.0176893421768934,NA,3513424,NA
"90",2002,"PA",0.0450566054505661,NA,12331031,NA
"91",2002,"RI",0.00454621204546212,NA,1065995,NA
"92",2002,"SC",0.00937572909375729,NA,4107795,NA
"93",2002,"SD",0.00128209401282094,NA,76002,NA
"94",2002,"TN",0.0185570331855703,NA,5795918,NA
"95",2002,"TX",0.0648324056483241,NA,21690325,NA
"96",2002,"UT",0.00404181804041818,NA,2324815,NA
"97",2002,"VA",0.0250219422502194,NA,7286873,NA
"98",2002,"VT",0.0032107900321079,NA,615442,NA
"99",2002,"WA",0.0325989623259896,NA,6052349,NA
"100",2002,"WI",0.012988701129887,NA,5445162,NA
"101",2002,"WV",0.00306413803064138,NA,1805414,NA
"102",2002,"WY",0.00143985601439856,NA,500017,NA
"103",2003,"AK",0.00115395198137205,NA,648414,NA
"104",2003,"AL",0.00940475544266646,NA,4503491,NA
"105",2003,"AR",0.00455871865471473,NA,2724816,NA
"106",2003,"AZ",0.0226401073652646,NA,5510364,NA
"107",2003,"CA",0.142011900773232,NA,35253159,NA
"108",2003,"CO",0.019106187915418,NA,4528732,NA
"109",2003,"CT",0.0138043728509633,NA,3484336,NA
"110",2003,"DC",0.00547308287677515,NA,568502,NA
"111",2003,"DE",0.00270004174067994,NA,818003,NA
"112",2003,"FL",0.0622815867448072,NA,17004085,NA
"113",2003,"GA",0.0364257624225317,NA,8622793,NA
"114",2003,"HI",0.00438651495270949,NA,1251154,NA
"115",2003,"IA",0.00872436364180881,NA,2941999,NA
"116",2003,"ID",0.00399437717477366,NA,136338,NA
"117",2003,"IL",0.038257298535707,NA,12556006,NA
"118",2003,"IN",0.017416907034334,NA,6196638,NA
"119",2003,"KS",0.00781280708880283,NA,2723004,NA
"120",2003,"KY",0.0121431686604237,NA,411717,NA
"121",2003,"LA",0.0135076958208782,NA,4521042,NA
"122",2003,"MA",0.0272109925858819,0,6422565,NA
"123",2003,"MD",0.0243162857907613,NA,5496269,NA
"124",2003,"ME",0.0272512358423288,NA,1306513,NA
"125",2003,"MI",0.00510153467190515,NA,10041152,NA
"126",2003,"MN",0.0194674413337551,NA,5053572,NA
"127",2003,"MO",0.0193176989841853,NA,5709403,NA
"128",2003,"MS",0.0059251175945389,NA,2868312,NA
"129",2003,"MT",0.00289283501575102,NA,91963,NA
"130",2003,"NC",0.0261253605515011,NA,8422501,NA
"131",2003,"ND",0.000921851339538906,NA,638817,NA
"132",2003,"NE",0.00537107090113074,NA,1738643,NA
"133",2003,"NH",0.00477490917190609,NA,127984,NA
"134",2003,"NJ",0.026962981819407,NA,8601402,NA
"135",2003,"NM",0.00977536775785165,NA,1877574,NA
"136",2003,"NV",0.00634346028364945,NA,224885,NA
"137",2003,"NY",0.0736788513264365,NA,19175939,NA
"138",2003,"OH",0.0319400431632323,NA,11434788,NA
"139",2003,"OK",0.00659053516043957,NA,3504892,NA
"140",2003,"OR",0.0149087226790404,NA,3547376,NA
"141",2003,"PA",0.0413794265242367,NA,12374658,NA
"142",2003,"RI",0.00374636640829872,NA,1071342,NA
"143",2003,"SC",0.0169040394870576,NA,4150297,NA
"144",2003,"SD",0.0016312557206257,NA,763729,NA
"145",2003,"TN",0.0159812522578339,NA,5847812,NA
"146",2003,"TX",0.0608777522175906,NA,22030931,NA
"147",2003,"UT",0.00673746984095491,NA,2360137,NA
"148",2003,"VA",0.0265493185787205,NA,7366977,NA
"149",2003,"VT",0.0045811800071502,NA,617858,NA
"150",2003,"WA",0.0339297446331406,NA,6104115,NA
"151",2003,"WI",0.0179896715214384,NA,5479203,NA
"152",2003,"WV",0.00383527592835577,NA,1812295,NA
"153",2003,"WY",0.00117734922349233,NA,503453,NA
"154",2004,"AK",0.00278158200627151,NA,659286,NA
"155",2004,"AL",0.0113334671106594,NA,4530729,NA
"156",2004,"AR",0.00812188655621098,NA,2749686,NA
"157",2004,"AZ",0.0215905507587856,NA,5652404,NA
"158",2004,"CA",0.131984586632686,NA,35574576,NA
"159",2004,"CO",0.017361769337682,NA,4575013,NA
"160",2004,"CT",0.0128500211300362,NA,3496094,NA
"161",2004,"DC",0.00500647772006447,NA,567754,NA
"162",2004,"DE",0.00369891224238232,NA,830803,NA
"163",2004,"FL",0.0676253630713548,NA,17415318,NA
"164",2004,"GA",0.0288394940257944,NA,8769252,NA
"165",2004,"HI",0.00324764494881168,NA,1273569,NA
"166",2004,"IA",0.00729517967003853,NA,2953635,NA
"167",2004,"ID",0.0040170186952272,NA,1391802,NA
"168",2004,"IL",0.0413926774483794,NA,12589773,NA
"169",2004,"IN",0.0211845951401841,NA,6233007,NA
"170",2004,"KS",0.00695025610343638,NA,2734373,NA
"171",2004,"KY",0.00979841853007077,NA,4146101,NA
"172",2004,"LA",0.0123867323716778,NA,4552238,NA
"173",2004,"MA",0.0263695453759436,1,6412281,2
"174",2004,"MD",0.0209534131250353,NA,5546935,NA
"175",2004,"ME",0.0367616393209167,NA,1313688,NA
"176",2004,"MI",0.00640004290738201,NA,10055315,NA
"177",2004,"MN",0.0170445876128977,NA,5087713,NA
"178",2004,"MO",0.01473461691753,NA,5747741,NA
"179",2004,"MS",0.00763917850858009,NA,288901,NA
"180",2004,"MT",0.00204272428585564,NA,930009,NA
"181",2004,"NC",0.027443154654295,NA,8553152,NA
"182",2004,"ND",0.00181154227070674,NA,644705,NA
"183",2004,"NE",0.00528667032242493,NA,174937,NA
"184",2004,"NH",0.00473183348606759,NA,1290121,NA
"185",2004,"NJ",0.0327769861078103,NA,8634561,NA
"186",2004,"NM",0.0106861574682425,NA,1903808,NA
"187",2004,"NV",0.00775661897227573,NA,2346222,NA
"188",2004,"NY",0.0670298382003312,NA,19171567,NA
"189",2004,"OH",0.0305493162098356,NA,11452251,NA
"190",2004,"OK",0.0104845667510327,NA,3525233,NA
"191",2004,"OR",0.0202913078336488,NA,3569463,NA
"192",2004,"PA",0.0447919777991287,NA,12410722,NA
"193",2004,"RI",0.00567690556399627,NA,1074579,NA
"194",2004,"SC",0.0103051695072771,NA,4210921,NA
"195",2004,"SD",0.00159145699228499,NA,770396,NA
"196",2004,"TN",0.0230275781649511,NA,5910809,NA
"197",2004,"TX",0.0535408299804235,NA,22394023,NA
"198",2004,"UT",0.0102219439818235,NA,240158,NA
"199",2004,"VA",0.0208729617837634,NA,7475575,NA
"200",2004,"VT",0.00370168642656411,NA,61992,NA
"201",2004,"WA",0.0352071714510555,NA,6178645,NA
"202",2004,"WI",0.0191760857925705,NA,5514026,NA
"203",2004,"WV",0.00230997069536776,NA,1816438,NA
"204",2004,"WY",0.00131588803022751,NA,509106,NA
"205",2005,"AK",0.00277149232730568,NA,666946,NA
"206",2005,"AL",0.00951021025773922,NA,4569805,NA
"207",2005,"AR",0.00608476053158388,NA,2781097,NA
"208",2005,"AZ",0.0197700365763939,NA,5839077,NA
"209",2005,"CA",0.149454484738965,NA,35827943,NA
"210",2005,"CO",0.0202518083835251,NA,4631888,NA
"211",2005,"CT",0.0112155433151118,NA,3506956,NA
"212",2005,"DC",0.00463944511019008,NA,567136,NA
"213",2005,"DE",0.00210709943804884,NA,84515,NA
"214",2005,"FL",0.0702491125485033,NA,17842038,NA
"215",2005,"GA",0.0358354740582405,NA,8925922,NA
"216",2005,"HI",0.00480902182930668,NA,1292729,NA
"217",2005,"IA",0.00881972864246445,NA,2964454,NA
"218",2005,"ID",0.00272279337207219,NA,1428241,NA
"219",2005,"IL",0.0413288901334177,NA,12609903,NA
"220",2005,"IN",0.0205222615099111,NA,6278616,NA
"221",2005,"KS",0.00785618502820191,NA,2745299,NA
"222",2005,"KY",0.0110033550101659,NA,4182742,NA
"223",2005,"LA",0.00909974763505699,NA,4576628,NA
"224",2005,"MA",0.0302724880470154,2,640329,2
"225",2005,"MD",0.0206431392737942,NA,5592379,NA
"226",2005,"ME",0.0232407067609803,NA,1318787,NA
"227",2005,"MI",0.00638999862599376,NA,10051137,NA
"228",2005,"MN",0.0211188237115213,NA,5119598,NA
"229",2005,"MO",0.0172072540572317,NA,57903,NA
"230",2005,"MS",0.0051403486497345,NA,2905943,NA
"231",2005,"MT",0.00173229140759112,NA,940102,NA
"232",2005,"NC",0.0242251213560572,NA,8705407,NA
"233",2005,"ND",0.000764399672325601,NA,646089,NA
"234",2005,"NE",0.00362285441969107,NA,1761497,NA
"235",2005,"NH",0.00846666121702168,NA,1298492,NA
"236",2005,"NJ",0.0267870342510188,NA,8651974,NA
"237",2005,"NM",0.00742659067310652,NA,1932274,NA
"238",2005,"NV",0.00761355987623508,NA,2432143,NA
"239",2005,"NY",0.0691490379347469,NA,1913261,NA
"240",2005,"OH",0.0407697217724333,NA,1146332,NA
"241",2005,"OK",0.00764660559585781,NA,3548597,NA
"242",2005,"OR",0.0139800786488127,NA,3613202,NA
"243",2005,"PA",0.0368981548313712,NA,1244999,NA
"244",2005,"RI",0.00354284899323606,NA,1067916,NA
"245",2005,"SC",0.0139374670629834,NA,427015,NA
"246",2005,"SD",0.00141922669537586,NA,775493,NA
"247",2005,"TN",0.0159306457307539,NA,5991057,NA
"248",2005,"TX",0.0643182755004253,NA,22778123,NA
"249",2005,"UT",0.00440812507283103,NA,2457719,NA
"250",2005,"VA",0.0253747645492477,NA,7577105,NA
"251",2005,"VT",0.00274018585608415,NA,621215,NA
"252",2005,"WA",0.0317447618186277,NA,6257305,NA
"253",2005,"WI",0.0205109563953033,NA,5546166,NA
"254",2005,"WV",0.00418376202907675,NA,1820492,NA
"255",2005,"WY",0.000742659067310652,NA,514157,NA
"256",2006,"AK",0.000678824833419959,NA,675302,NA
"257",2006,"AL",0.0139805590692444,NA,4628981,NA
"258",2006,"AR",0.00501377640122461,NA,2821761,NA
"259",2006,"AZ",0.0197003813498406,NA,6029141,NA
"260",2006,"CA",0.139402378949285,NA,36021202,NA
"261",2006,"CO",0.0176834719763585,NA,4720423,NA
"262",2006,"CT",0.0125293370569456,NA,351746,NA
"263",2006,"DC",0.00525536318404574,NA,570681,NA
"264",2006,"DE",0.00338902022098385,NA,859268,NA
"265",2006,"FL",0.0632327884303749,NA,1816699,NA
"266",2006,"GA",0.0339029620751284,NA,9155813,NA
"267",2006,"HI",0.00394875297836522,NA,1309731,NA
"268",2006,"IA",0.00713021272396754,NA,2982644,NA
"269",2006,"ID",0.00418778778812839,NA,1468669,NA
"270",2006,"IL",0.0385900859249329,NA,12643955,NA
"271",2006,"IN",0.0209057632908883,NA,6332669,NA
"272",2006,"KS",0.0075555415669625,NA,2762931,NA
"273",2006,"KY",0.013840200551056,NA,4219239,NA
"274",2006,"LA",0.0115604379526031,NA,4302665,NA
"275",2006,"MA",0.0331263116078196,3,6410084,4
"276",2006,"MD",0.0199657865478695,NA,5627367,NA
"277",2006,"ME",0.0276821024174841,NA,1323619,NA
"278",2006,"MI",0.00732161070331527,NA,10036081,NA
"279",2006,"MN",0.0181377231806771,NA,5163555,NA
"280",2006,"MO",0.0219376110639941,NA,5842704,NA
"281",2006,"MS",0.00276123484872329,NA,2904978,NA
"282",2006,"MT",0.00239204941300366,NA,952692,NA
"283",2006,"NC",0.0265685915065233,NA,891727,NA
"284",2006,"ND",0.00077920244036677,NA,649422,NA
"285",2006,"NE",0.00284204732889233,NA,1772693,NA
"286",2006,"NH",0.00566878281943685,NA,1308389,NA
"287",2006,"NJ",0.030814224017299,NA,8661679,NA
"288",2006,"NM",0.00677633912659573,NA,1962137,NA
"289",2006,"NV",0.00752576854795285,NA,2522658,NA
"290",2006,"NY",0.067951386614561,NA,19104631,NA
"291",2006,"OH",0.0378006755923342,NA,11481213,NA
"292",2006,"OK",0.00897613990256567,NA,359409,NA
"293",2006,"OR",0.0196638030693431,NA,3670883,NA
"294",2006,"PA",0.0387312951008072,NA,12510809,NA
"295",2006,"RI",0.00379563459488704,NA,1063096,NA
"296",2006,"SC",0.0113018380160621,NA,4357847,NA
"297",2006,"SD",0.00236057507862204,NA,783033,NA
"298",2006,"TN",0.017140752372697,NA,6088766,NA
"299",2006,"TX",0.0663734166070497,NA,2335958,NA
"300",2006,"UT",0.00894551622587003,NA,2525507,NA
"301",2006,"VA",0.0237384533852348,NA,7673725,NA
"302",2006,"VT",0.00455442125079005,NA,622892,NA
"303",2006,"WA",0.027095999271837,NA,6370753,NA
"304",2006,"WI",0.0192725005337877,NA,5577655,NA
"305",2006,"WV",0.00381775169472277,NA,1827912,NA
"306",2006,"WY",0.00169280879511995,NA,522667,NA
"307",2007,"AK",0.00167239730981947,NA,6803,NA
"308",2007,"AL",0.00900138112727626,NA,467284,NA
"309",2007,"AR",0.00812319760266394,NA,284865,NA
"310",2007,"AZ",0.0242069014378943,NA,6167681,NA
"311",2007,"CA",0.144705226853873,NA,36250311,NA
"312",2007,"CO",0.023447675044106,NA,4803868,NA
"313",2007,"CT",0.0113018021130635,NA,352727,NA
"314",2007,"DC",0.00553238126810051,NA,574404,NA
"315",2007,"DE",0.00330106038036543,NA,871749,NA
"316",2007,"FL",0.0673769690247877,NA,18367842,NA
"317",2007,"GA",0.0315927397664067,NA,9349988,NA
"318",2007,"HI",0.00274825959594811,NA,1315675,NA
"319",2007,"IA",0.00840572078837089,NA,2999212,NA
"320",2007,"ID",0.00303340683601147,NA,1505105,NA
"321",2007,"IL",0.0395147598684124,NA,12695866,NA
"322",2007,"IN",0.0184663451908518,NA,6379599,NA
"323",2007,"KS",0.00757564492695945,NA,2783785,NA
"324",2007,"KY",0.00899613301856344,NA,4256672,NA
"325",2007,"LA",0.0113429122979806,NA,4375581,NA
"326",2007,"MA",0.0338931607521939,4,6431559,4
"327",2007,"MD",0.021153376851817,NA,5653408,NA
"328",2007,"ME",0.0299325880435838,NA,132704,NA
"329",2007,"MI",0.005059176799161,NA,10001284,NA
"330",2007,"MN",0.019704898847078,NA,5207203,NA
"331",2007,"MO",0.0164318283798476,NA,5887612,NA
"332",2007,"MS",0.00495771336404643,NA,292835,NA
"333",2007,"MT",0.00304477773822259,NA,964706,NA
"334",2007,"NC",0.0257935796387377,NA,9118037,NA
"335",2007,"ND",0.000613154034614776,NA,652822,NA
"336",2007,"NE",0.00413638435048969,NA,178344,NA
"337",2007,"NH",0.00524810871282262,NA,131254,NA
"338",2007,"NJ",0.0304687698170772,NA,8677885,NA
"339",2007,"NM",0.00826664590748109,NA,199007,NA
"340",2007,"NV",0.0094291019873713,NA,2601072,NA
"341",2007,"NY",0.0702940427843316,NA,19132335,NA
"342",2007,"OH",0.0343646158515625,NA,11500468,NA
"343",2007,"OK",0.00901100265991643,NA,3634349,NA
"344",2007,"OR",0.0178295746670294,NA,3722417,NA
"345",2007,"PA",0.037634187579651,NA,12563937,NA
"346",2007,"RI",0.00488861326599427,NA,1057315,NA
"347",2007,"SC",0.0118773447019031,NA,444411,NA
"348",2007,"SD",0.00220595502895644,NA,791623,NA
"349",2007,"TN",0.0178260759278875,NA,6175727,NA
"350",2007,"TX",0.0655427550296562,NA,23831983,NA
"351",2007,"UT",0.006079933943805,NA,2597746,NA
"352",2007,"VA",0.0242786255903029,NA,7751,NA
"353",2007,"VT",0.00173712398394429,NA,623481,NA
"354",2007,"WA",0.0285016037345542,NA,6461587,NA
"355",2007,"WI",0.0138856209693432,NA,5610775,NA
"356",2007,"WV",0.00432531626415131,NA,1834052,NA
"357",2007,"WY",0.00123942834101161,NA,534876,NA
"358",2008,"AK",0.00180438234060897,NA,687455,NA
"359",2008,"AL",0.00571701819929238,NA,4718206,NA
"360",2008,"AR",0.00502800797131833,NA,2874554,NA
"361",2008,"AZ",0.0221719957976265,NA,6280362,NA
"362",2008,"CA",0.156667970093423,NA,36604337,NA
"363",2008,"CO",0.0221578622544886,NA,488973,NA
"364",2008,"CT",0.0130558604736621,0,3545579,NA
"365",2008,"DC",0.00809263124172599,NA,580236,NA
"366",2008,"DE",0.00250752611172095,NA,883874,NA
"367",2008,"FL",0.0679034302109196,NA,18527305,NA
"368",2008,"GA",0.0331019358242918,NA,9504843,NA
"369",2008,"HI",0.00504685269550224,NA,1332213,NA
"370",2008,"IA",0.00541785820287288,NA,3016734,NA
"371",2008,"ID",0.00203640800712331,NA,153432,NA
"372",2008,"IL",0.041857665798239,NA,12747038,NA
"373",2008,"IN",0.0191179726845723,NA,6424806,NA
"374",2008,"KS",0.00455806766198218,NA,2808076,NA
"375",2008,"KY",0.00890648776741841,NA,4289878,NA
"376",2008,"LA",0.00730586400704793,NA,4435586,NA
"377",2008,"MA",0.0392370713414146,5,6468967,6
"378",2008,"MD",0.0160345046899807,NA,5684965,NA
"379",2008,"ME",0.0260964096089249,NA,1330509,NA
"380",2008,"MI",0.00997710366011655,NA,9946889,NA
"381",2008,"MN",0.0177199297091788,NA,5247018,NA
"382",2008,"MO",0.015682343906794,NA,5923916,NA
"383",2008,"MS",0.00293153240585882,NA,2947806,NA
"384",2008,"MT",0.00225076674471523,NA,976415,NA
"385",2008,"NC",0.0261176099236318,NA,9309449,NA
"386",2008,"ND",0.00094694739024126,NA,657569,NA
"387",2008,"NE",0.0028761760285686,NA,1796378,NA
"388",2008,"NH",0.00410343869104546,NA,1315906,NA
"389",2008,"NJ",0.0259998303974823,NA,871109,NA
"390",2008,"NM",0.00744248825738124,NA,2010662,NA
"391",2008,"NV",0.0102150183029384,NA,265363,NA
"392",2008,"NY",0.0861651457403857,NA,19212436,NA
"393",2008,"OH",0.0316450030858236,NA,11515391,NA
"394",2008,"OK",0.00863323926675178,NA,3668976,NA
"395",2008,"OR",0.0188824136322735,NA,3768748,NA
"396",2008,"PA",0.0327792199226424,NA,12612285,NA
"397",2008,"RI",0.00426833002765463,NA,1055003,NA
"398",2008,"SC",0.0108698724683291,NA,4528996,NA
"399",2008,"SD",0.00166540249975266,NA,799124,NA
"400",2008,"TN",0.0178365314400667,NA,6247411,NA
"401",2008,"TX",0.0641568634841068,NA,24309039,NA
"402",2008,"UT",0.00449682230838449,NA,2663029,NA
"403",2008,"VA",0.0225359345334282,NA,7833496,NA
"404",2008,"VT",0.00458633474825804,NA,624151,NA
"405",2008,"WA",0.0331066470053378,NA,6562231,NA
"406",2008,"WI",0.0142442558925097,NA,5640996,NA
"407",2008,"WV",0.00312704641926685,NA,184031,NA
"408",2008,"WY",0.000913969122919425,NA,546043,NA
"409",2009,"AK",0.00192267998325923,NA,698895,NA
"410",2009,"AL",0.00646481187728147,NA,4757938,NA
"411",2009,"AR",0.00648990022818996,NA,2896843,NA
"412",2009,"AZ",0.027168403274714,NA,6343154,NA
"413",2009,"CA",0.141992083484909,NA,36961229,NA
"414",2009,"CO",0.0227095190905245,NA,4972195,NA
"415",2009,"CT",0.0126068963315129,1,3561807,2
"416",2009,"DC",0.00841942248896968,0,592228,NA
"417",2009,"DE",0.00446914760047029,NA,89173,NA
"418",2009,"FL",0.0666734329188814,NA,18652644,NA
"419",2009,"GA",0.0349229844646089,NA,9620846,NA
"420",2009,"HI",0.00622761292323763,NA,1346717,NA
"421",2009,"IA",0.00608050395654698,0,303287,NA
"422",2009,"ID",0.00264568064125825,NA,1554439,NA
"423",2009,"IL",0.0398984606015958,NA,12796778,NA
"424",2009,"IN",0.0179621188708874,NA,6459325,NA
"425",2009,"KS",0.00673850297810129,NA,2832704,NA
"426",2009,"KY",0.010932819098165,NA,4317074,NA
"427",2009,"LA",0.00697342117297164,NA,4491648,NA
"428",2009,"MA",0.0375880515588419,6,6517613,6
"429",2009,"MD",0.0167989316924031,NA,5730388,NA
"430",2009,"ME",0.0233549739366245,NA,132959,NA
"431",2009,"MI",0.00715246076809127,NA,9901591,NA
"432",2009,"MN",0.0172813122575981,NA,5281203,NA
"433",2009,"MO",0.0171889415110714,NA,5961088,NA
"434",2009,"MS",0.00393887109263189,NA,2958774,NA
"435",2009,"MT",0.0020378583215209,NA,983982,NA
"436",2009,"NC",0.0291116100905347,NA,9449566,NA
"437",2009,"ND",0.000701333445850786,NA,664968,NA
"438",2009,"NE",0.00288173921571534,NA,1812683,NA
"439",2009,"NH",0.00516363876880058,0,1316102,NA
"440",2009,"NJ",0.0259835488840816,NA,8755602,NA
"441",2009,"NM",0.0073987827588291,NA,2036802,NA
"442",2009,"NV",0.00946401019043199,NA,2684665,NA
"443",2009,"NY",0.0704937045344913,NA,19307066,NA
"444",2009,"OH",0.0350142148315488,NA,11528896,NA
"445",2009,"OK",0.00871364042235098,NA,3717572,NA
"446",2009,"OR",0.0226456578336665,NA,38086,NA
"447",2009,"PA",0.0385174609220425,NA,12666858,NA
"448",2009,"RI",0.00357280924528539,NA,1053646,NA
"449",2009,"SC",0.0111255432483256,NA,4589872,NA
"450",2009,"SD",0.000827915579979952,NA,807067,NA
"451",2009,"TN",0.0180396646827863,NA,6306019,NA
"452",2009,"TX",0.064564871062982,NA,24801761,NA
"453",2009,"UT",0.00578514564357892,NA,2723421,NA
"454",2009,"VA",0.0241612223044563,NA,7925937,NA
"455",2009,"VT",0.0050553027080594,0,624817,NA
"456",2009,"WA",0.0311392049957749,NA,6667426,NA
"457",2009,"WI",0.0174398250201562,NA,5669264,NA
"458",2009,"WV",0.00448055139633778,NA,1847775,NA
"459",2009,"WY",0.00107879908906479,NA,559851,NA
"460",2010,"AK",0.00163481703634614,NA,713982,NA
"461",2010,"AL",0.00942074733514548,NA,4785514,NA
"462",2010,"AR",0.00644565432067758,NA,2921998,NA
"463",2010,"AZ",0.0267347383779007,NA,6407342,NA
"464",2010,"CA",0.155137515283599,NA,3731955,NA
"465",2010,"CO",0.0221465193352505,NA,5047539,NA
"466",2010,"CT",0.0155182038931935,2,3579173,2
"467",2010,"DC",0.00532913821624565,1,605282,2
"468",2010,"DE",0.00264972789201074,NA,899647,NA
"469",2010,"FL",0.0689968137050639,NA,18846143,NA
"470",2010,"GA",0.0289232469384284,NA,9712209,NA
"471",2010,"HI",0.0043279269446845,NA,1364004,NA
"472",2010,"IA",0.00593648644483235,1,3050819,2
"473",2010,"ID",0.00214170164817413,NA,1570819,NA
"474",2010,"IL",0.0368142073820209,NA,12840545,NA
"475",2010,"IN",0.0181450991450318,NA,6490555,NA
"476",2010,"KS",0.00568076087490111,NA,2858266,NA
"477",2010,"KY",0.0116309469038369,NA,4348464,NA
"478",2010,"LA",0.00928375149411089,NA,4544635,NA
"479",2010,"MA",0.0382321143367289,7,656644,7
"480",2010,"MD",0.0192798813616017,NA,5788784,NA
"481",2010,"ME",0.024812230075382,NA,1327651,NA
"482",2010,"MI",0.00792977593188567,NA,9877597,NA
"483",2010,"MN",0.0197274011089813,NA,5310934,NA
"484",2010,"MO",0.0183791337067992,NA,5996089,NA
"485",2010,"MS",0.00465100880312442,NA,2970615,NA
"486",2010,"MT",0.00136425025030282,NA,99073,NA
"487",2010,"NC",0.0289769036428336,NA,9574586,NA
"488",2010,"ND",0.0014213318507339,NA,674752,NA
"489",2010,"NE",0.003698887707934,NA,1829591,NA
"490",2010,"NH",0.00641026372841031,1,1316807,2
"491",2010,"NJ",0.0253213979512272,NA,8799451,NA
"492",2010,"NM",0.0080953125731358,NA,2064614,NA
"493",2010,"NV",0.00965021536887843,NA,2702483,NA
"494",2010,"NY",0.0711487900413157,NA,19399956,NA
"495",2010,"OH",0.0307430083601712,NA,11539449,NA
"496",2010,"OK",0.00897208595575719,NA,3760014,NA
"497",2010,"OR",0.0160798868414353,NA,3837614,NA
"498",2010,"PA",0.037706963612763,NA,12711406,NA
"499",2010,"RI",0.00666142277030706,NA,1053994,NA
"500",2010,"SC",0.00817751007775656,NA,4635846,NA
"501",2010,"SD",0.000724936325474719,NA,816193,NA
"502",2010,"TN",0.0155513112214435,NA,6355518,NA
"503",2010,"TX",0.0765281600659407,NA,25241897,NA
"504",2010,"UT",0.00651986040123799,NA,2775413,NA
"505",2010,"VA",0.0171884115218069,NA,8024004,NA
"506",2010,"VT",0.00346028661813208,1,625886,2
"507",2010,"WA",0.0288570322819283,NA,6743009,NA
"508",2010,"WI",0.0134233091573728,NA,5690538,NA
"509",2010,"WV",0.00311893864755422,NA,1854265,NA
"510",2010,"WY",0.000289974530189888,NA,564531,NA
"511",2011,"AK",0.00300907151571328,NA,722349,NA
"512",2011,"AL",0.0100109276209819,NA,4799642,NA
"513",2011,"AR",0.00276825492026926,NA,2941038,NA
"514",2011,"AZ",0.0218336593444791,NA,6473416,NA
"515",2011,"CA",0.157005604665481,NA,37636311,NA
"516",2011,"CO",0.02079201397645,NA,51219,NA
"517",2011,"CT",0.0165368301720476,3,3588632,4
"518",2011,"DC",0.00969400389395891,2,62029,2
"519",2011,"DE",0.00375878355813335,NA,90759,NA
"520",2011,"FL",0.0730355840597589,NA,19055607,NA
"521",2011,"GA",0.0340244315251642,NA,980363,NA
"522",2011,"HI",0.00444829145169242,NA,1379562,NA
"523",2011,"IA",0.00510031374313048,2,3066772,2
"524",2011,"ID",0.00278075012097626,NA,1584272,NA
"525",2011,"IL",0.0419395732093809,NA,12867783,NA
"526",2011,"IN",0.0151907562777024,NA,651725,NA
"527",2011,"KS",0.00702230279733466,NA,2869677,NA
"528",2011,"KY",0.010777678573457,NA,4370817,NA
"529",2011,"LA",0.00980191699097392,NA,4576244,NA
"530",2011,"MA",0.0373561064045855,8,6614218,7
"531",2011,"MD",0.021708707337409,NA,5840241,NA
"532",2011,"ME",0.0235114240212282,NA,1328473,NA
"533",2011,"MI",0.00368494828122835,NA,9883053,NA
"534",2011,"MN",0.0185303826484827,NA,534662,NA
"535",2011,"MO",0.0158768563892505,NA,6011182,NA
"536",2011,"MS",0.00399960015357738,NA,2979147,NA
"537",2011,"MT",0.0020787470267102,NA,997518,NA
"538",2011,"NC",0.0278268119744916,NA,9658913,NA
"539",2011,"ND",0.000644070800079061,NA,685526,NA
"540",2011,"NE",0.00502193475687747,NA,1840914,NA
"541",2011,"NH",0.0063452901044826,2,1320444,2
"542",2011,"NJ",0.0250937708016694,NA,8828552,NA
"543",2011,"NM",0.00867280521799581,NA,2080707,NA
"544",2011,"NV",0.00773907294698173,NA,2713114,NA
"545",2011,"NY",0.0734683723751559,0,19499921,NA
"546",2011,"OH",0.0326374642466871,NA,11545735,NA
"547",2011,"OK",0.00860351365043881,NA,3788824,NA
"548",2011,"OR",0.0225708761861921,NA,3872672,NA
"549",2011,"PA",0.0382784794022296,NA,12747052,NA
"550",2011,"RI",0.00337029640887932,NA,1053829,NA
"551",2011,"SC",0.00709954585625067,NA,4672655,NA
"552",2011,"SD",0.000495264318932047,NA,82374,NA
"553",2011,"TN",0.0128212118527202,NA,6400298,NA
"554",2011,"TX",0.0613593869627348,NA,25645504,NA
"555",2011,"UT",0.010371016586811,NA,2814797,NA
"556",2011,"VA",0.0224436523244481,NA,8102437,NA
"557",2011,"VT",0.00554332540456052,2,627197,2
"558",2011,"WA",0.0260752120208375,NA,6827479,NA
"559",2011,"WI",0.0148204439658404,NA,570584,NA
"560",2011,"WV",0.00191403756284518,NA,1856606,NA
"561",2011,"WY",0.000506623592302048,NA,567491,NA
"562",2012,"AK",0.00186161066169952,NA,73081,NA
"563",2012,"AL",0.0102607536586043,NA,4816632,NA
"564",2012,"AR",0.00346154914203566,NA,2952876,NA
"565",2012,"AZ",0.026922329288273,NA,6556344,NA
"566",2012,"CA",0.150741333310548,NA,37944551,NA
"567",2012,"CO",0.0179592560392871,NA,519366,NA
"568",2012,"CT",0.0129949609414217,4,3595211,4
"569",2012,"DC",0.0076536442924491,3,635737,4
"570",2012,"DE",0.00343271179959969,NA,915518,NA
"571",2012,"FL",0.0747517318426207,NA,19302016,NA
"572",2012,"GA",0.0328339844876459,NA,990358,NA
"573",2012,"HI",0.00479233909296946,NA,1395199,NA
"574",2012,"IA",0.00728303103966096,3,3076844,4
"575",2012,"ID",0.00364525369384996,NA,159591,NA
"576",2012,"IL",0.0382522007164478,NA,12883029,NA
"577",2012,"IN",0.020190411904055,NA,6538989,NA
"578",2012,"KS",0.00569590915596303,NA,2886024,NA
"579",2012,"KY",0.0104497984590179,NA,4387865,NA
"580",2012,"LA",0.00904424502769453,NA,4602067,NA
"581",2012,"MA",0.0357753934161143,9,6664269,7
"582",2012,"MD",0.0198849496841777,0,5888375,NA
"583",2012,"ME",0.0239392664207304,0,1328094,NA
"584",2012,"MI",0.008411959593543,NA,9898289,NA
"585",2012,"MN",0.0227505270825367,NA,53775,NA
"586",2012,"MO",0.0153051524854585,NA,6026027,NA
"587",2012,"MS",0.00569697720568288,NA,2984599,NA
"588",2012,"MT",0.0015379915965848,NA,1004168,NA
"589",2012,"NC",0.0269340778351914,NA,975181,NA
"590",2012,"ND",0.000641897881630186,NA,702227,NA
"591",2012,"NE",0.00311656908252393,NA,1853691,NA
"592",2012,"NH",0.00398062130588303,3,1324677,4
"593",2012,"NJ",0.0238484821945431,NA,8845671,NA
"594",2012,"NM",0.009755566141115,NA,2087715,NA
"595",2012,"NV",0.0088851056194368,NA,274467,NA
"596",2012,"NY",0.0793422095385384,1,19574362,2
"597",2012,"OH",0.0289089017671951,NA,11550971,NA
"598",2012,"OK",0.00502303783245718,NA,381932,NA
"599",2012,"OR",0.0192120783606718,NA,3900102,NA
"600",2012,"PA",0.0374394148796415,NA,12769123,NA
"601",2012,"RI",0.0049749755950639,NA,1054893,NA
"602",2012,"SC",0.0114580373945568,NA,4719027,NA
"603",2012,"SD",0.00168538245792418,NA,833859,NA
"604",2012,"TN",0.0168132386898875,NA,6455752,NA
"605",2012,"TX",0.0631131940454092,NA,2608412,NA
"606",2012,"UT",0.00524626022390594,NA,2854146,NA
"607",2012,"VA",0.0195100642325102,NA,8187456,NA
"608",2012,"VT",0.0033526080706109,3,626361,4
"609",2012,"WA",0.0315448484757862,0,6898599,NA
"610",2012,"WI",0.0141965168762536,NA,5720825,NA
"611",2012,"WV",0.00472718806005857,NA,1857446,NA
"612",2012,"WY",0.000760451400533598,NA,576656,NA
"613",2013,"AK",0.00164432539091377,NA,737626,NA
"614",2013,"AL",0.0090423842437087,NA,4831586,NA
"615",2013,"AR",0.00852660012536224,NA,2960459,NA
"616",2013,"AZ",0.0255826111887208,NA,663469,NA
"617",2013,"CA",0.14734279827641,0,38253768,NA
"618",2013,"CO",0.0263443414125458,NA,5270774,NA
"619",2013,"CT",0.00942184394930418,5,3595792,6
"620",2013,"DC",0.00833546486624748,4,651559,4
"621",2013,"DE",0.00272789366133643,0,924062,NA
"622",2013,"FL",0.0726342092762439,NA,19551678,NA
"623",2013,"GA",0.0340164544971597,NA,9975592,NA
"624",2013,"HI",0.00606573366425967,0,1408822,NA
"625",2013,"IA",0.00327178590602329,4,3093935,4
"626",2013,"ID",0.00175675789627539,NA,1612053,NA
"627",2013,"IL",0.0351393741444589,0,12895778,NA
"628",2013,"IN",0.0180679036116132,NA,6570575,NA
"629",2013,"KS",0.00485989504425624,NA,2894306,NA
"630",2013,"KY",0.0113261695088667,NA,4406906,NA
"631",2013,"LA",0.00892854633203005,NA,462604,NA
"632",2013,"MA",0.0192090935410336,10,6715158,7
"633",2013,"MD",0.0187579581132701,1,5925197,2
"634",2013,"ME",0.025041529756668,1,1328543,2
"635",2013,"MI",0.00630465273815313,NA,9914802,NA
"636",2013,"MN",0.017570389775388,0,5414722,NA
"637",2013,"MO",0.0186469310142255,NA,6042989,NA
"638",2013,"MS",0.00321416424702546,NA,2989839,NA
"639",2013,"MT",0.00153329829186916,NA,1014158,NA
"640",2013,"NC",0.0275951530346939,NA,9846717,NA
"641",2013,"ND",0.000697081533242076,NA,723149,NA
"642",2013,"NE",0.00426821898479069,NA,1865813,NA
"643",2013,"NH",0.00331254268921688,4,1327272,4
"644",2013,"NJ",0.0304916954540727,0,8857821,NA
"645",2013,"NM",0.00800519438174771,0,2092833,NA
"646",2013,"NV",0.00930097900604044,NA,2776956,NA
"647",2013,"NY",0.0614078236158856,2,19626488,2
"648",2013,"OH",0.0374147269717148,NA,11579692,NA
"649",2013,"OK",0.00666724756794437,NA,3853891,NA
"650",2013,"OR",0.0194775261475845,NA,392411,NA
"651",2013,"PA",0.044832461512948,NA,12779538,NA
"652",2013,"RI",0.00702281536615051,0,105556,NA
"653",2013,"SC",0.0139289820079883,NA,4766469,NA
"654",2013,"SD",0.000812324851237741,NA,842751,NA
"655",2013,"TN",0.0176729844365304,NA,6496943,NA
"656",2013,"TX",0.0810385390520253,NA,26479646,NA
"657",2013,"UT",0.00545578732267286,NA,2898773,NA
"658",2013,"VA",0.0246733133016086,NA,8255861,NA
"659",2013,"VT",0.00236951505049625,4,626603,4
"660",2013,"WA",0.0284580725133443,1,6966252,2
"661",2013,"WI",0.0143955769052391,NA,5738012,NA
"662",2013,"WV",0.00485286801267114,NA,1854768,NA
"663",2013,"WY",0.00053545980678474,NA,58262,NA
"664",2014,"AK",0.00389203122076072,0,737075,NA
"665",2014,"AL",0.00647263354239733,NA,4843737,NA
"666",2014,"AR",0.0060561152729402,NA,2968759,NA
"667",2014,"AZ",0.0231605285556474,0,6732873,NA
"668",2014,"CA",0.125246741800928,1,38586706,2
"669",2014,"CO",0.0215020010986424,0,5352637,NA
"670",2014,"CT",0.00647112441823263,6,3595697,6
"671",2014,"DC",0.00822019932511967,5,663603,6
"672",2014,"DE",0.0046933761522163,1,933131,2
"673",2014,"FL",0.0784110733494709,NA,1985388,NA
"674",2014,"GA",0.0406573141211766,NA,10071204,NA
"675",2014,"HI",0.00410783597631279,1,1415335,2
"676",2014,"IA",0.00620250031691607,5,3110643,6
"677",2014,"ID",0.00442022467840564,0,1632248,NA
"678",2014,"IL",0.0378337428090234,1,12885092,2
"679",2014,"IN",0.0220543405429225,0,6596019,NA
"680",2014,"KS",0.00461791994398131,0,2901861,NA
"681",2014,"KY",0.00884497672930538,NA,4416992,NA
"682",2014,"LA",0.0128290645241128,NA,4645938,NA
"683",2014,"MA",0.026359871784811,11,6764864,7
"684",2014,"MD",0.0146686868808818,2,5960064,2
"685",2014,"ME",0.0274117313276067,2,1331217,2
"686",2014,"MI",0.00926753149542132,NA,9932033,NA
"687",2014,"MN",0.0193696086539216,1,5452665,2
"688",2014,"MO",0.0159061686959356,NA,605913,NA
"689",2014,"MS",0.00418329218454778,NA,2991892,NA
"690",2014,"MT",0.00114089786851303,0,1022657,NA
"691",2014,"NC",0.0359322463615016,0,9937295,NA
"692",2014,"ND",0.00142763145980599,NA,738736,NA
"693",2014,"NE",0.00666580143547891,NA,1879955,NA
"694",2014,"NH",0.00412443634212448,5,1334257,6
"695",2014,"NJ",0.023715886248257,1,8867277,2
"696",2014,"NM",0.0101579147525942,1,2090236,2
"697",2014,"NV",0.0104612487096988,0,2818935,NA
"698",2014,"NY",0.0698784853222584,3,19653431,4
"699",2014,"OH",0.0364302573358526,NA,11606573,NA
"700",2014,"OK",0.00884195848097598,0,3879187,NA
"701",2014,"OR",0.0170063202120018,0,3965447,NA
"702",2014,"PA",0.0403494527915779,0,12792392,NA
"703",2014,"RI",0.00397503304981921,1,1056511,2
"704",2014,"SC",0.0121227944150333,0,4826858,NA
"705",2014,"SD",0.00151968803385267,NA,84967,NA
"706",2014,"TN",0.0176220428711993,NA,6544617,NA
"707",2014,"TX",0.083065212273405,NA,26963092,NA
"708",2014,"UT",0.00524420647233172,0,2938327,NA
"709",2014,"VA",0.0220603770395813,0,831543,NA
"710",2014,"VT",0.000594594920891711,5,625693,6
"711",2014,"WA",0.0194541196071448,2,7057531,2
"712",2014,"WI",0.0219773752105228,0,5753199,NA
"713",2014,"WV",0.00234065157944935,0,1850569,NA
"714",2014,"WY",0.00103073180448995,0,583159,NA
"715",2015,"AK",0.00169000047536386,1,73843,2
"716",2015,"AL",0.00844016726251067,0,4854803,NA
"717",2015,"AR",0.00483068031124858,0,2979732,NA
"718",2015,"AZ",0.0306904742000364,1,683281,2
"719",2015,"CA",0.125410820920599,2,38904296,2
"720",2015,"CO",0.0184096948000111,1,5454328,2
"721",2015,"CT",0.0100170639233254,7,3588561,7
"722",2015,"DC",0.00726651028834916,6,677014,6
"723",2015,"DE",0.00268662539197028,2,942065,2
"724",2015,"FL",0.0870899372027951,0,20219111,NA
"725",2015,"GA",0.0282448091086272,0,10183353,NA
"726",2015,"HI",0.00652887671520296,2,1422999,2
"727",2015,"IA",0.00580107825636537,6,3122541,6
"728",2015,"ID",0.0047765871825512,1,1652495,2
"729",2015,"IL",0.0330640151198491,2,12859585,2
"730",2015,"IN",0.0145035152337725,1,6611442,2
"731",2015,"KS",0.00389142689477575,1,2910717,2
"732",2015,"KY",0.00961218505095409,0,4429126,NA
"733",2015,"LA",0.00980724815140831,0,4666998,NA
"734",2015,"MA",0.0306101540998494,12,6797484,7
"735",2015,"MD",0.0171573569113807,3,5988528,4
"736",2015,"ME",0.0335164303780454,3,1329098,4
"737",2015,"MI",0.00725339680260434,0,9934483,NA
"738",2015,"MN",0.013697035860466,2,5484002,2
"739",2015,"MO",0.0219437792082405,0,6075411,NA
"740",2015,"MS",0.00585353219934465,0,2990231,NA
"741",2015,"MT",0.00461266861074093,1,1031495,2
"742",2015,"NC",0.0265039938760022,1,10037218,2
"743",2015,"ND",0.000724520087401382,0,755537,NA
"744",2015,"NE",0.00318002029311919,0,1892059,NA
"745",2015,"NH",0.00308986507862354,6,133748,6
"746",2015,"NJ",0.0216110245074657,2,8870312,2
"747",2015,"NM",0.0094367921791171,2,2090071,2
"748",2015,"NV",0.0110710603400655,1,2868531,2
"749",2015,"NY",0.0770581206080068,4,19657321,4
"750",2015,"OH",0.0371996806866221,0,11622315,NA
"751",2015,"OK",0.00934827615033956,1,3910518,2
"752",2015,"OR",0.0177654948127968,1,4018542,2
"753",2015,"PA",0.0352916685107506,1,12789838,2
"754",2015,"RI",0.00516015664058722,2,1056886,2
"755",2015,"SC",0.00738617084577065,1,4896006,2
"756",2015,"SD",0.000732716015991896,0,854663,NA
"757",2015,"TN",0.0203439339473723,0,6595354,NA
"758",2015,"TX",0.0901716063528282,0,27468531,NA
"759",2015,"UT",0.00389798363764816,1,2983626,2
"760",2015,"VA",0.0211291039063435,1,8367303,2
"761",2015,"VT",0.00374226099442841,6,62581,6
"762",2015,"WA",0.0261843526609721,3,7167287,4
"763",2015,"WI",0.01835888004275,1,5762927,2
"764",2015,"WV",0.00256696483454879,1,1843332,2
"765",2015,"WY",0.000639282430060043,1,586389,2
